"No.","Time","Source","Destination","Protocol","Length","Info"
"102970","17601.18033651799","192.168.11.248","192.168.11.111","IEC 60870-5-104","481","-> S (15250)"
"102971","17601.37154998292","192.168.11.111","192.168.11.248","TCP","410","-> S (15250)"
"102972","17601.49612918048","192.168.11.248","192.168.11.111","IEC 60870-5-104","271","-> S (15250)"
"102973","17601.608786090364","192.168.11.111","192.168.11.248","TCP","329","-> S (15250)"
"102974","17601.659310139985","192.168.11.248","192.168.11.111","IEC 60870-5-104","127","-> S (15250)"
"102975","17601.950852926562","192.168.11.111","192.168.11.248","TCP","502","-> S (15250)"
"102976","17602.206845459456","192.168.11.248","192.168.11.111","IEC 60870-5-104","375","-> S (15250)"
"102977","17602.30420839389","192.168.11.111","192.168.11.248","TCP","347","-> S (15250)"
"102978","17602.31611209883","192.168.11.248","192.168.11.111","IEC 60870-5-104","311","-> S (15250)"
"102979","17602.376246648717","192.168.11.111","192.168.11.248","TCP","282","-> S (15250)"
"102980","17602.54914396537","192.168.11.248","192.168.11.111","IEC 60870-5-104","300","-> S (15250)"
"102981","17602.834665402333","192.168.11.111","192.168.11.248","TCP","697","-> S (15250)"
"102982","17603.25116602852","192.168.11.248","192.168.11.111","IEC 60870-5-104","144","-> S (15250)"
"102983","17603.672806564944","192.168.11.111","192.168.11.248","TCP","290","-> S (15250)"
"102984","17603.928126516646","192.168.11.248","192.168.11.111","IEC 60870-5-104","412","-> S (15250)"
"102985","17604.327161091755","192.168.11.111","192.168.11.248","TCP","565","-> S (15250)"
"102986","17604.41153560047","192.168.11.248","192.168.11.111","IEC 60870-5-104","77","-> S (15250)"
"102987","17604.649558498433","192.168.11.111","192.168.11.248","TCP","578","-> S (15250)"
"102988","17604.735108758872","192.168.11.248","192.168.11.111","IEC 60870-5-104","349","-> S (15250)"
"102989","17604.771616097856","192.168.11.111","192.168.11.248","TCP","787","-> S (15250)"
"102990","17604.928240041925","192.168.11.248","192.168.11.111","IEC 60870-5-104","211","-> S (15250)"
"102991","17605.199140311972","192.168.11.111","192.168.11.248","TCP","364","-> S (15250)"
"102992","17605.40052319336","192.168.11.248","192.168.11.111","IEC 60870-5-104","98","-> S (15250)"
"102993","17605.543154262985","192.168.11.111","192.168.11.248","TCP","486","-> S (15250)"
"102994","17605.65755994268","192.168.11.248","192.168.11.111","IEC 60870-5-104","430","-> S (15250)"
"102995","17605.93705466689","192.168.11.111","192.168.11.248","TCP","790","-> S (15250)"
"102996","17606.10628500614","192.168.11.248","192.168.11.111","IEC 60870-5-104","209","-> S (15250)"
"102997","17606.237327367857","192.168.11.111","192.168.11.248","TCP","307","-> S (15250)"
"102998","17606.43079153871","192.168.11.248","192.168.11.111","IEC 60870-5-104","194","-> S (15250)"
"102999","17606.79535238197","192.168.11.111","192.168.11.248","TCP","490","-> S (15250)"
"103000","17606.879192451393","192.168.11.248","192.168.11.111","IEC 60870-5-104","306","-> S (15250)"
"103001","17607.146524679592","192.168.11.111","192.168.11.248","TCP","814","-> S (15250)"
"103002","17607.147649313014","192.168.11.248","192.168.11.111","IEC 60870-5-104","333","-> S (15250)"
"103003","17607.467134455437","192.168.11.111","192.168.11.248","TCP","375","-> S (15250)"
"103004","17607.475397641807","192.168.11.248","192.168.11.111","IEC 60870-5-104","247","-> S (15250)"
"103005","17607.565136585086","192.168.11.111","192.168.11.248","TCP","300","-> S (15250)"
"103006","17607.61716666373","192.168.11.248","192.168.11.111","IEC 60870-5-104","333","-> S (15250)"
"103007","17607.94498123752","192.168.11.111","192.168.11.248","TCP","453","-> S (15250)"
"103008","17608.191306645025","192.168.11.248","192.168.11.111","IEC 60870-5-104","836","-> S (15250)"
"103009","17608.497107811716","192.168.11.111","192.168.11.248","TCP","264","-> S (15250)"
"103010","17608.616118434842","192.168.11.248","192.168.11.111","IEC 60870-5-104","301","-> S (15250)"
"103011","17608.756086092435","192.168.11.111","192.168.11.248","TCP","226","-> S (15250)"
"103012","17608.950677657373","192.168.11.248","192.168.11.111","IEC 60870-5-104","118","-> S (15250)"
"103013","17609.074053024797","192.168.11.111","192.168.11.248","TCP","561","-> S (15250)"
"103014","17609.204975429235","192.168.11.248","192.168.11.111","IEC 60870-5-104","732","-> S (15250)"
"103015","17609.379689264424","192.168.11.111","192.168.11.248","TCP","520","-> S (15250)"
"103016","17609.447718150917","192.168.11.248","192.168.11.111","IEC 60870-5-104","593","-> S (15250)"
"103017","17609.480136889928","192.168.11.111","192.168.11.248","TCP","429","-> S (15250)"
"103018","17609.484434652608","192.168.11.248","192.168.11.111","IEC 60870-5-104","82","-> S (15250)"
"103019","17609.788782181437","192.168.11.111","192.168.11.248","TCP","623","-> S (15250)"
"103020","17609.789146418378","192.168.11.248","192.168.11.111","IEC 60870-5-104","502","-> S (15250)"
"103021","17609.86815929898","192.168.11.111","192.168.11.248","TCP","901","-> S (15250)"
"103022","17610.232881033782","192.168.11.248","192.168.11.111","IEC 60870-5-104","150","-> S (15250)"
"103023","17610.28338718941","192.168.11.111","192.168.11.248","TCP","621","-> S (15250)"
"103024","17610.33283382872","192.168.11.248","192.168.11.111","IEC 60870-5-104","576","-> S (15250)"
"103025","17610.64784244623","192.168.11.111","192.168.11.248","TCP","238","-> S (15250)"
"103026","17610.916546972305","192.168.11.248","192.168.11.111","IEC 60870-5-104","172","-> S (15250)"
"103027","17611.018520984388","192.168.11.111","192.168.11.248","TCP","964","-> S (15250)"
"103028","17611.12450090509","192.168.11.248","192.168.11.111","IEC 60870-5-104","598","-> S (15250)"
"103029","17611.2119417381","192.168.11.111","192.168.11.248","TCP","944","-> S (15250)"
"103030","17611.292952168325","192.168.11.248","192.168.11.111","IEC 60870-5-104","687","-> S (15250)"
"103031","17611.356256227773","192.168.11.111","192.168.11.248","TCP","690","-> S (15250)"
"103032","17611.422525695714","192.168.11.248","192.168.11.111","IEC 60870-5-104","155","-> S (15250)"
"103033","17611.510108541424","192.168.11.111","192.168.11.248","TCP","394","-> S (15250)"
"103034","17611.7267290675","192.168.11.248","192.168.11.111","IEC 60870-5-104","697","-> S (15250)"
"103035","17611.727297055575","192.168.11.111","192.168.11.248","TCP","516","-> S (15250)"
"103036","17611.93481189409","192.168.11.248","192.168.11.111","IEC 60870-5-104","318","-> S (15250)"
"103037","17611.950986932785","192.168.11.111","192.168.11.248","TCP","594","-> S (15250)"
"103038","17612.252588850984","192.168.11.248","192.168.11.111","IEC 60870-5-104","252","-> S (15250)"
"103039","17612.348093055687","192.168.11.111","192.168.11.248","TCP","447","-> S (15250)"
"103040","17612.505900064996","192.168.11.248","192.168.11.111","IEC 60870-5-104","457","-> S (15250)"
"103041","17612.902458225784","192.168.11.111","192.168.11.248","TCP","343","-> S (15250)"
"103042","17613.384703365537","192.168.11.248","192.168.11.111","IEC 60870-5-104","458","-> S (15250)"
"103043","17613.39155497065","192.168.11.111","192.168.11.248","TCP","292","-> S (15250)"
"103044","17613.415459235337","192.168.11.248","192.168.11.111","IEC 60870-5-104","884","-> S (15250)"
"103045","17613.61305864007","192.168.11.111","192.168.11.248","TCP","328","-> S (15250)"
"103046","17613.84453213272","192.168.11.248","192.168.11.111","IEC 60870-5-104","592","-> S (15250)"
"103047","17613.9109604186","192.168.11.111","192.168.11.248","TCP","345","-> S (15250)"
"103048","17613.989715020565","192.168.11.248","192.168.11.111","IEC 60870-5-104","421","-> S (15250)"
"103049","17614.301269180563","192.168.11.111","192.168.11.248","TCP","341","-> S (15250)"
"103050","17614.51985689881","192.168.11.248","192.168.11.111","IEC 60870-5-104","320","-> S (15250)"
"103051","17614.674385195314","192.168.11.111","192.168.11.248","TCP","619","-> S (15250)"
"103052","17614.692967700626","192.168.11.248","192.168.11.111","IEC 60870-5-104","503","-> S (15250)"
"103053","17614.805173641835","192.168.11.111","192.168.11.248","TCP","274","-> S (15250)"
"103054","17615.16605430739","192.168.11.248","192.168.11.111","IEC 60870-5-104","295","-> S (15250)"
"103055","17615.183848929864","192.168.11.111","192.168.11.248","TCP","778","-> S (15250)"
"103056","17615.255266945103","192.168.11.248","192.168.11.111","IEC 60870-5-104","205","-> S (15250)"
"103057","17615.375504127074","192.168.11.111","192.168.11.248","TCP","233","-> S (15250)"
"103058","17615.51518044532","192.168.11.248","192.168.11.111","IEC 60870-5-104","405","-> S (15250)"
"103059","17615.85161341592","192.168.11.111","192.168.11.248","TCP","542","-> S (15250)"
"103060","17616.00136122629","192.168.11.248","192.168.11.111","IEC 60870-5-104","272","-> S (15250)"
"103061","17616.13755993094","192.168.11.111","192.168.11.248","TCP","367","-> S (15250)"
"103062","17616.551723199358","192.168.11.248","192.168.11.111","IEC 60870-5-104","406","-> S (15250)"
"103063","17616.947840564684","192.168.11.111","192.168.11.248","TCP","333","-> S (15250)"
"103064","17617.084902327922","192.168.11.248","192.168.11.111","IEC 60870-5-104","113","-> S (15250)"
"103065","17617.312001571932","192.168.11.111","192.168.11.248","TCP","416","-> S (15250)"
"103066","17617.450421206802","192.168.11.248","192.168.11.111","IEC 60870-5-104","442","-> S (15250)"
"103067","17617.45135716073","192.168.11.111","192.168.11.248","TCP","607","-> S (15250)"
"103068","17617.556385763986","192.168.11.248","192.168.11.111","IEC 60870-5-104","642","-> S (15250)"
"103069","17617.66650301732","192.168.11.111","192.168.11.248","TCP","402","-> S (15250)"
"103070","17617.914153607107","192.168.11.248","192.168.11.111","IEC 60870-5-104","455","-> S (15250)"
"103071","17618.25100831678","192.168.11.111","192.168.11.248","TCP","443","-> S (15250)"
"103072","17618.295958164697","192.168.11.248","192.168.11.111","IEC 60870-5-104","134","-> S (15250)"
"103073","17618.457609770365","192.168.11.111","192.168.11.248","TCP","517","-> S (15250)"
"103074","17618.72459684996","192.168.11.248","192.168.11.111","IEC 60870-5-104","156","-> S (15250)"
"103075","17618.872076575128","192.168.11.111","192.168.11.248","TCP","462","-> S (15250)"
"103076","17619.042196176564","192.168.11.248","192.168.11.111","IEC 60870-5-104","359","-> S (15250)"
"103077","17619.089791254206","192.168.11.111","192.168.11.248","TCP","409","-> S (15250)"
"103078","17619.138512658563","192.168.11.248","192.168.11.111","IEC 60870-5-104","356","-> S (15250)"
"103079","17619.52199154813","192.168.11.111","192.168.11.248","TCP","573","-> S (15250)"
"103080","17619.60592405846","192.168.11.248","192.168.11.111","IEC 60870-5-104","88","-> S (15250)"
"103081","17619.801301562515","192.168.11.111","192.168.11.248","TCP","488","-> S (15250)"
"103082","17620.076221906424","192.168.11.248","192.168.11.111","IEC 60870-5-104","693","-> S (15250)"
"103083","17620.182305133014","192.168.11.111","192.168.11.248","TCP","788","-> S (15250)"
"103084","17620.30652040088","192.168.11.248","192.168.11.111","IEC 60870-5-104","158","-> S (15250)"
"103085","17620.370802496214","192.168.11.111","192.168.11.248","TCP","346","-> S (15250)"
"103086","17620.622196228334","192.168.11.248","192.168.11.111","IEC 60870-5-104","739","-> S (15250)"
"103087","17620.650301384965","192.168.11.111","192.168.11.248","TCP","407","-> S (15250)"
"103088","17620.74183369117","192.168.11.248","192.168.11.111","IEC 60870-5-104","703","-> S (15250)"
"103089","17620.958057006086","192.168.11.111","192.168.11.248","TCP","616","-> S (15250)"
"103090","17621.08690541968","192.168.11.248","192.168.11.111","IEC 60870-5-104","189","-> S (15250)"
"103091","17621.226835771384","192.168.11.111","192.168.11.248","TCP","337","-> S (15250)"
"103092","17621.339806188116","192.168.11.248","192.168.11.111","IEC 60870-5-104","152","-> S (15250)"
"103093","17621.477747698613","192.168.11.111","192.168.11.248","TCP","624","-> S (15250)"
"103094","17621.536027264156","192.168.11.248","192.168.11.111","IEC 60870-5-104","656","-> S (15250)"
"103095","17621.571294351663","192.168.11.111","192.168.11.248","TCP","408","-> S (15250)"
"103096","17621.999450227308","192.168.11.248","192.168.11.111","IEC 60870-5-104","227","-> S (15250)"
"103097","17622.115337346964","192.168.11.111","192.168.11.248","TCP","505","-> S (15250)"
"103098","17622.1389629709","192.168.11.248","192.168.11.111","IEC 60870-5-104","253","-> S (15250)"
"103099","17622.36126923688","192.168.11.111","192.168.11.248","TCP","902","-> S (15250)"
"103100","17622.76454675723","192.168.11.248","192.168.11.111","IEC 60870-5-104","387","-> S (15250)"
"103101","17622.847351290442","192.168.11.111","192.168.11.248","TCP","253","-> S (15250)"
"103102","17623.135269502913","192.168.11.248","192.168.11.111","IEC 60870-5-104","509","-> S (15250)"
"103103","17623.40134564676","192.168.11.111","192.168.11.248","TCP","431","-> S (15250)"
"103104","17623.42360300452","192.168.11.248","192.168.11.111","IEC 60870-5-104","210","-> S (15250)"
"103105","17623.741729704685","192.168.11.111","192.168.11.248","TCP","367","-> S (15250)"
"103106","17623.846954980643","192.168.11.248","192.168.11.111","IEC 60870-5-104","550","-> S (15250)"
"103107","17623.93229473413","192.168.11.111","192.168.11.248","TCP","876","-> S (15250)"
"103108","17623.9571482772","192.168.11.248","192.168.11.111","IEC 60870-5-104","355","-> S (15250)"
"103109","17624.054490752867","192.168.11.111","192.168.11.248","TCP","367","-> S (15250)"
"103110","17624.417719658777","192.168.11.248","192.168.11.111","IEC 60870-5-104","818","-> S (15250)"
"103111","17624.429517456032","192.168.11.111","192.168.11.248","TCP","291","-> S (15250)"
"103112","17624.534464905704","192.168.11.248","192.168.11.111","IEC 60870-5-104","660","-> S (15250)"
"103113","17624.88708224582","192.168.11.111","192.168.11.248","TCP","746","-> S (15250)"
"103114","17625.17207003357","192.168.11.248","192.168.11.111","IEC 60870-5-104","367","-> S (15250)"
"103115","17625.19320673442","192.168.11.111","192.168.11.248","TCP","697","-> S (15250)"
"103116","17625.19591667731","192.168.11.248","192.168.11.111","IEC 60870-5-104","428","-> S (15250)"
"103117","17625.367516868493","192.168.11.111","192.168.11.248","TCP","685","-> S (15250)"
"103118","17625.779999526938","192.168.11.248","192.168.11.111","IEC 60870-5-104","511","-> S (15250)"
"103119","17625.960190693175","192.168.11.111","192.168.11.248","TCP","278","-> S (15250)"
"103120","17626.135996220783","192.168.11.248","192.168.11.111","IEC 60870-5-104","606","-> S (15250)"
"103121","17626.21143723113","192.168.11.111","192.168.11.248","TCP","765","-> S (15250)"
"103122","17626.307682988434","192.168.11.248","192.168.11.111","IEC 60870-5-104","305","-> S (15250)"
"103123","17626.32875300774","192.168.11.111","192.168.11.248","TCP","585","-> S (15250)"
"103124","17626.697202579053","192.168.11.248","192.168.11.111","IEC 60870-5-104","147","-> S (15250)"
"103125","17626.70137811683","192.168.11.111","192.168.11.248","TCP","581","-> S (15250)"
"103126","17626.7053942005","192.168.11.248","192.168.11.111","IEC 60870-5-104","103","-> S (15250)"
"103127","17626.810325012044","192.168.11.111","192.168.11.248","TCP","945","-> S (15250)"
"103128","17626.86591355516","192.168.11.248","192.168.11.111","IEC 60870-5-104","570","-> S (15250)"
"103129","17626.954504482022","192.168.11.111","192.168.11.248","TCP","267","-> S (15250)"
"103130","17627.349365573104","192.168.11.248","192.168.11.111","IEC 60870-5-104","570","-> S (15250)"
"103131","17627.6184232744","192.168.11.111","192.168.11.248","TCP","245","-> S (15250)"
"103132","17627.67554230749","192.168.11.248","192.168.11.111","IEC 60870-5-104","232","-> S (15250)"
"103133","17627.69390483636","192.168.11.111","192.168.11.248","TCP","328","-> S (15250)"
"103134","17627.807833667015","192.168.11.248","192.168.11.111","IEC 60870-5-104","115","-> S (15250)"
"103135","17627.811214499434","192.168.11.111","192.168.11.248","TCP","681","-> S (15250)"
"103136","17628.005235985653","192.168.11.248","192.168.11.111","IEC 60870-5-104","203","-> S (15250)"
"103137","17628.312764929393","192.168.11.111","192.168.11.248","TCP","384","-> S (15250)"
"103138","17628.341344031378","192.168.11.248","192.168.11.111","IEC 60870-5-104","135","-> S (15250)"
"103139","17628.379875869847","192.168.11.111","192.168.11.248","TCP","386","-> S (15250)"
"103140","17628.405031545677","192.168.11.248","192.168.11.111","IEC 60870-5-104","231","-> S (15250)"
"103141","17628.490843927993","192.168.11.111","192.168.11.248","TCP","247","-> S (15250)"
"103142","17628.707922499598","192.168.11.248","192.168.11.111","IEC 60870-5-104","384","-> S (15250)"
"103143","17628.902055083872","192.168.11.111","192.168.11.248","TCP","594","-> S (15250)"
"103144","17629.15409833298","192.168.11.248","192.168.11.111","IEC 60870-5-104","481","-> S (15250)"
"103145","17629.16993474179","192.168.11.111","192.168.11.248","TCP","571","-> S (15250)"
"103146","17629.183794771718","192.168.11.248","192.168.11.111","IEC 60870-5-104","484","-> S (15250)"
"103147","17629.203828260703","192.168.11.111","192.168.11.248","TCP","456","-> S (15250)"
"103148","17629.38913366886","192.168.11.248","192.168.11.111","IEC 60870-5-104","114","-> S (15250)"
"103149","17629.60752479273","192.168.11.111","192.168.11.248","TCP","562","-> S (15250)"
"103150","17629.80813360671","192.168.11.248","192.168.11.111","IEC 60870-5-104","569","-> S (15250)"
"103151","17630.224774341","192.168.11.111","192.168.11.248","TCP","335","-> S (15250)"
"103152","17630.242529184274","192.168.11.248","192.168.11.111","IEC 60870-5-104","216","-> S (15250)"
"103153","17630.481532683294","192.168.11.111","192.168.11.248","TCP","329","-> S (15250)"
"103154","17630.555372795134","192.168.11.248","192.168.11.111","IEC 60870-5-104","97","-> S (15250)"
"103155","17630.61060955629","192.168.11.111","192.168.11.248","TCP","309","-> S (15250)"
"103156","17630.928679497916","192.168.11.248","192.168.11.111","IEC 60870-5-104","163","-> S (15250)"
"103157","17630.99848419412","192.168.11.111","192.168.11.248","TCP","386","-> S (15250)"
"103158","17631.215946724784","192.168.11.248","192.168.11.111","IEC 60870-5-104","319","-> S (15250)"
"103159","17631.27345606833","192.168.11.111","192.168.11.248","TCP","638","-> S (15250)"
"103160","17631.460928520133","192.168.11.248","192.168.11.111","IEC 60870-5-104","169","-> S (15250)"
"103161","17631.634836554756","192.168.11.111","192.168.11.248","TCP","297","-> S (15250)"
"103162","17631.99174455816","192.168.11.248","192.168.11.111","IEC 60870-5-104","334","-> S (15250)"
"103163","17632.18010838959","192.168.11.111","192.168.11.248","TCP","426","-> S (15250)"
"103164","17632.193391762095","192.168.11.248","192.168.11.111","IEC 60870-5-104","463","-> S (15250)"
"103165","17632.35648226467","192.168.11.111","192.168.11.248","TCP","851","-> S (15250)"
"103166","17632.714212808816","192.168.11.248","192.168.11.111","IEC 60870-5-104","271","-> S (15250)"
"103167","17633.04436569344","192.168.11.111","192.168.11.248","TCP","338","-> S (15250)"
"103168","17633.12546799069","192.168.11.248","192.168.11.111","IEC 60870-5-104","277","-> S (15250)"
"103169","17633.283079729186","192.168.11.111","192.168.11.248","TCP","676","-> S (15250)"
"103170","17633.467267838478","192.168.11.248","192.168.11.111","IEC 60870-5-104","180","-> S (15250)"
"103171","17633.51820173291","192.168.11.111","192.168.11.248","TCP","504","-> S (15250)"
"103172","17633.690547939026","192.168.11.248","192.168.11.111","IEC 60870-5-104","357","-> S (15250)"
"103173","17633.7388550044","192.168.11.111","192.168.11.248","TCP","289","-> S (15250)"
"103174","17633.756598473454","192.168.11.248","192.168.11.111","IEC 60870-5-104","227","-> S (15250)"
"103175","17633.96971431863","192.168.11.111","192.168.11.248","TCP","802","-> S (15250)"
"103176","17634.111220190924","192.168.11.248","192.168.11.111","IEC 60870-5-104","159","-> S (15250)"
"103177","17634.4068204419","192.168.11.111","192.168.11.248","TCP","301","-> S (15250)"
"103178","17634.59715637221","192.168.11.248","192.168.11.111","IEC 60870-5-104","223","-> S (15250)"
"103179","17634.78541576475","192.168.11.111","192.168.11.248","TCP","979","-> S (15250)"
"103180","17634.90321544806","192.168.11.248","192.168.11.111","IEC 60870-5-104","460","-> S (15250)"
"103181","17634.93917645848","192.168.11.111","192.168.11.248","TCP","684","-> S (15250)"
"103182","17635.21089383998","192.168.11.248","192.168.11.111","IEC 60870-5-104","868","-> S (15250)"
"103183","17635.354910857914","192.168.11.111","192.168.11.248","TCP","574","-> S (15250)"
"103184","17635.619136503334","192.168.11.248","192.168.11.111","IEC 60870-5-104","288","-> S (15250)"
"103185","17635.73035768832","192.168.11.111","192.168.11.248","TCP","508","-> S (15250)"
"103186","17636.046460961323","192.168.11.248","192.168.11.111","IEC 60870-5-104","471","-> S (15250)"
"103187","17636.35053445474","192.168.11.111","192.168.11.248","TCP","326","-> S (15250)"
"103188","17636.539400794714","192.168.11.248","192.168.11.111","IEC 60870-5-104","169","-> S (15250)"
"103189","17636.682848138764","192.168.11.111","192.168.11.248","TCP","485","-> S (15250)"
"103190","17636.99172922001","192.168.11.248","192.168.11.111","IEC 60870-5-104","667","-> S (15250)"
"103191","17637.11746382001","192.168.11.111","192.168.11.248","TCP","326","-> S (15250)"
"103192","17637.48878159837","192.168.11.248","192.168.11.111","IEC 60870-5-104","238","-> S (15250)"
"103193","17637.588114249073","192.168.11.111","192.168.11.248","TCP","304","-> S (15250)"
"103194","17637.611830847196","192.168.11.248","192.168.11.111","IEC 60870-5-104","262","-> S (15250)"
"103195","17637.629217162103","192.168.11.111","192.168.11.248","TCP","446","-> S (15250)"
"103196","17637.829063169327","192.168.11.248","192.168.11.111","IEC 60870-5-104","237","-> S (15250)"
"103197","17638.208001067986","192.168.11.111","192.168.11.248","TCP","280","-> S (15250)"
"103198","17638.34524816925","192.168.11.248","192.168.11.111","IEC 60870-5-104","476","-> S (15250)"
"103199","17638.645035875383","192.168.11.111","192.168.11.248","TCP","408","-> S (15250)"
"103200","17638.653310149206","192.168.11.248","192.168.11.111","IEC 60870-5-104","472","-> S (15250)"
"103201","17638.70628030864","192.168.11.111","192.168.11.248","TCP","537","-> S (15250)"
"103202","17638.83637370102","192.168.11.248","192.168.11.111","IEC 60870-5-104","194","-> S (15250)"
"103203","17638.925593612632","192.168.11.111","192.168.11.248","TCP","489","-> S (15250)"
"103204","17639.02315194033","192.168.11.248","192.168.11.111","IEC 60870-5-104","346","-> S (15250)"
"103205","17639.195015467147","192.168.11.111","192.168.11.248","TCP","377","-> S (15250)"
"103206","17639.506241601426","192.168.11.248","192.168.11.111","IEC 60870-5-104","387","-> S (15250)"
"103207","17639.692778224504","192.168.11.111","192.168.11.248","TCP","576","-> S (15250)"
"103208","17639.89159941629","192.168.11.248","192.168.11.111","IEC 60870-5-104","99","-> S (15250)"
"103209","17640.209617331042","192.168.11.111","192.168.11.248","TCP","301","-> S (15250)"
"103210","17640.310156610558","192.168.11.248","192.168.11.111","IEC 60870-5-104","188","-> S (15250)"
"103211","17640.585483447398","192.168.11.111","192.168.11.248","TCP","374","-> S (15250)"
"103212","17640.749150882435","192.168.11.248","192.168.11.111","IEC 60870-5-104","389","-> S (15250)"
"103213","17640.879150476765","192.168.11.111","192.168.11.248","TCP","484","-> S (15250)"
"103214","17640.917872693655","192.168.11.248","192.168.11.111","IEC 60870-5-104","568","-> S (15250)"
"103215","17641.12644364547","192.168.11.111","192.168.11.248","TCP","263","-> S (15250)"
"103216","17641.30544069268","192.168.11.248","192.168.11.111","IEC 60870-5-104","338","-> S (15250)"
"103217","17641.333051149417","192.168.11.111","192.168.11.248","TCP","331","-> S (15250)"
"103218","17641.4459896781","192.168.11.248","192.168.11.111","IEC 60870-5-104","156","-> S (15250)"
"103219","17641.56078764938","192.168.11.111","192.168.11.248","TCP","510","-> S (15250)"
"103220","17641.580399206505","192.168.11.248","192.168.11.111","IEC 60870-5-104","249","-> S (15250)"
"103221","17641.84820751709","192.168.11.111","192.168.11.248","TCP","477","-> S (15250)"
"103222","17642.121990978645","192.168.11.248","192.168.11.111","IEC 60870-5-104","843","-> S (15250)"
"103223","17642.465474864","192.168.11.111","192.168.11.248","TCP","513","-> S (15250)"
"103224","17642.493959179916","192.168.11.248","192.168.11.111","IEC 60870-5-104","378","-> S (15250)"
"103225","17642.6393681843","192.168.11.111","192.168.11.248","TCP","706","-> S (15250)"
"103226","17642.66869891129","192.168.11.248","192.168.11.111","IEC 60870-5-104","161","-> S (15250)"
"103227","17642.7761290092","192.168.11.111","192.168.11.248","TCP","748","-> S (15250)"
"103228","17643.0171865955","192.168.11.248","192.168.11.111","IEC 60870-5-104","836","-> S (15250)"
"103229","17643.208081006345","192.168.11.111","192.168.11.248","TCP","727","-> S (15250)"
"103230","17643.411311579708","192.168.11.248","192.168.11.111","IEC 60870-5-104","395","-> S (15250)"
"103231","17643.595150155543","192.168.11.111","192.168.11.248","TCP","743","-> S (15250)"
"103232","17643.651271305134","192.168.11.248","192.168.11.111","IEC 60870-5-104","695","-> S (15250)"
"103233","17643.965941136914","192.168.11.111","192.168.11.248","TCP","587","-> S (15250)"
"103234","17644.043446182954","192.168.11.248","192.168.11.111","IEC 60870-5-104","406","-> S (15250)"
"103235","17644.094670308026","192.168.11.111","192.168.11.248","TCP","343","-> S (15250)"
"103236","17644.253131312005","192.168.11.248","192.168.11.111","IEC 60870-5-104","332","-> S (15250)"
"103237","17644.311433416176","192.168.11.111","192.168.11.248","TCP","484","-> S (15250)"
"103238","17644.43880510117","192.168.11.248","192.168.11.111","IEC 60870-5-104","516","-> S (15250)"
"103239","17644.452482323537","192.168.11.111","192.168.11.248","TCP","636","-> S (15250)"
"103240","17644.680111097132","192.168.11.248","192.168.11.111","IEC 60870-5-104","319","-> S (15250)"
"103241","17644.890322288953","192.168.11.111","192.168.11.248","TCP","770","-> S (15250)"
"103242","17644.993016648463","192.168.11.248","192.168.11.111","IEC 60870-5-104","251","-> S (15250)"
"103243","17645.144760608277","192.168.11.111","192.168.11.248","TCP","779","-> S (15250)"
"103244","17645.185036696268","192.168.11.248","192.168.11.111","IEC 60870-5-104","187","-> S (15250)"
"103245","17645.223064841623","192.168.11.111","192.168.11.248","TCP","209","-> S (15250)"
"103246","17645.45584015668","192.168.11.248","192.168.11.111","IEC 60870-5-104","277","-> S (15250)"
"103247","17645.617419801303","192.168.11.111","192.168.11.248","TCP","506","-> S (15250)"
"103248","17645.74741665062","192.168.11.248","192.168.11.111","IEC 60870-5-104","486","-> S (15250)"
"103249","17646.21183888527","192.168.11.111","192.168.11.248","TCP","518","-> S (15250)"
"103250","17646.373924249972","192.168.11.248","192.168.11.111","IEC 60870-5-104","860","-> S (15250)"
"103251","17646.511828762043","192.168.11.111","192.168.11.248","TCP","537","-> S (15250)"
"103252","17646.59384766606","192.168.11.248","192.168.11.111","IEC 60870-5-104","256","-> S (15250)"
"103253","17646.768588427345","192.168.11.111","192.168.11.248","TCP","315","-> S (15250)"
"103254","17646.82672755961","192.168.11.248","192.168.11.111","IEC 60870-5-104","396","-> S (15250)"
"103255","17646.849177925567","192.168.11.111","192.168.11.248","TCP","647","-> S (15250)"
"103256","17646.949767793096","192.168.11.248","192.168.11.111","IEC 60870-5-104","396","-> S (15250)"
"103257","17647.07304907656","192.168.11.111","192.168.11.248","TCP","316","-> S (15250)"
"103258","17647.280143145967","192.168.11.248","192.168.11.111","IEC 60870-5-104","167","-> S (15250)"
"103259","17647.565451145667","192.168.11.111","192.168.11.248","TCP","325","-> S (15250)"
"103260","17647.78600383342","192.168.11.248","192.168.11.111","IEC 60870-5-104","892","-> S (15250)"
"103261","17647.81517006264","192.168.11.111","192.168.11.248","TCP","247","-> S (15250)"
"103262","17648.135773887203","192.168.11.248","192.168.11.111","IEC 60870-5-104","176","-> S (15250)"
"103263","17648.365953211665","192.168.11.111","192.168.11.248","TCP","334","-> S (15250)"
"103264","17648.49611519498","192.168.11.248","192.168.11.111","IEC 60870-5-104","165","-> S (15250)"
"103265","17648.554257910037","192.168.11.111","192.168.11.248","TCP","500","-> S (15250)"
"103266","17648.614689393555","192.168.11.248","192.168.11.111","IEC 60870-5-104","432","-> S (15250)"
"103267","17648.88529310278","192.168.11.111","192.168.11.248","TCP","412","-> S (15250)"
"103268","17648.962244930684","192.168.11.248","192.168.11.111","IEC 60870-5-104","171","-> S (15250)"
"103269","17649.005221361673","192.168.11.111","192.168.11.248","TCP","571","-> S (15250)"
"103270","17649.06455577523","192.168.11.248","192.168.11.111","IEC 60870-5-104","285","-> S (15250)"
"103271","17649.389278822247","192.168.11.111","192.168.11.248","TCP","464","-> S (15250)"
"103272","17649.50238013509","192.168.11.248","192.168.11.111","IEC 60870-5-104","862","-> S (15250)"
"103273","17649.628900942607","192.168.11.111","192.168.11.248","TCP","638","-> S (15250)"
"103274","17649.636238290772","192.168.11.248","192.168.11.111","IEC 60870-5-104","246","-> S (15250)"
"103275","17649.821599512106","192.168.11.111","192.168.11.248","TCP","570","-> S (15250)"
"103276","17649.902403314947","192.168.11.248","192.168.11.111","IEC 60870-5-104","75","-> S (15250)"
"103277","17650.376299159827","192.168.11.111","192.168.11.248","TCP","612","-> S (15250)"
"103278","17650.49192689013","192.168.11.248","192.168.11.111","IEC 60870-5-104","622","-> S (15250)"
"103279","17650.748695640443","192.168.11.111","192.168.11.248","TCP","815","-> S (15250)"
"103280","17650.75474829007","192.168.11.248","192.168.11.111","IEC 60870-5-104","247","-> S (15250)"
"103281","17651.138836134327","192.168.11.111","192.168.11.248","TCP","275","-> S (15250)"
"103282","17651.28509720058","192.168.11.248","192.168.11.111","IEC 60870-5-104","174","-> S (15250)"
"103283","17651.66479292017","192.168.11.111","192.168.11.248","TCP","436","-> S (15250)"
"103284","17651.909836503313","192.168.11.248","192.168.11.111","IEC 60870-5-104","210","-> S (15250)"
"103285","17652.106938193905","192.168.11.111","192.168.11.248","TCP","432","-> S (15250)"
"103286","17652.197342772517","192.168.11.248","192.168.11.111","IEC 60870-5-104","155","-> S (15250)"
"103287","17652.591248612112","192.168.11.111","192.168.11.248","TCP","449","-> S (15250)"
"103288","17652.61799638764","192.168.11.248","192.168.11.111","IEC 60870-5-104","402","-> S (15250)"
"103289","17652.894040431624","192.168.11.111","192.168.11.248","TCP","600","-> S (15250)"
"103290","17653.230544867027","192.168.11.248","192.168.11.111","IEC 60870-5-104","378","-> S (15250)"
"103291","17653.66232078368","192.168.11.111","192.168.11.248","TCP","679","-> S (15250)"
"103292","17653.78354457821","192.168.11.248","192.168.11.111","IEC 60870-5-104","313","-> S (15250)"
"103293","17653.97997037582","192.168.11.111","192.168.11.248","TCP","324","-> S (15250)"
"103294","17654.289331408847","192.168.11.248","192.168.11.111","IEC 60870-5-104","123","-> S (15250)"
"103295","17654.365382574535","192.168.11.111","192.168.11.248","TCP","301","-> S (15250)"
"103296","17654.5255793627","192.168.11.248","192.168.11.111","IEC 60870-5-104","657","-> S (15250)"
"103297","17654.75585760378","192.168.11.111","192.168.11.248","TCP","529","-> S (15250)"
"103298","17654.79783547286","192.168.11.248","192.168.11.111","IEC 60870-5-104","684","-> S (15250)"
"103299","17654.896660882296","192.168.11.111","192.168.11.248","TCP","440","-> S (15250)"
"103300","17655.083374439324","192.168.11.248","192.168.11.111","IEC 60870-5-104","350","-> S (15250)"
"103301","17655.12208901292","192.168.11.111","192.168.11.248","TCP","417","-> S (15250)"
"103302","17655.255064543577","192.168.11.248","192.168.11.111","IEC 60870-5-104","408","-> S (15250)"
"103303","17655.39988209319","192.168.11.111","192.168.11.248","TCP","399","-> S (15250)"
"103304","17655.821043173346","192.168.11.248","192.168.11.111","IEC 60870-5-104","540","-> S (15250)"
"103305","17655.8514732021","192.168.11.111","192.168.11.248","TCP","411","-> S (15250)"
"103306","17656.10348737027","192.168.11.248","192.168.11.111","IEC 60870-5-104","254","-> S (15250)"
"103307","17656.254963765718","192.168.11.111","192.168.11.248","TCP","271","-> S (15250)"
"103308","17656.522151832403","192.168.11.248","192.168.11.111","IEC 60870-5-104","226","-> S (15250)"
"103309","17656.53990023091","192.168.11.111","192.168.11.248","TCP","552","-> S (15250)"
"103310","17656.698384810807","192.168.11.248","192.168.11.111","IEC 60870-5-104","157","-> S (15250)"
"103311","17656.755124700598","192.168.11.111","192.168.11.248","TCP","226","-> S (15250)"
"103312","17657.196140132968","192.168.11.248","192.168.11.111","IEC 60870-5-104","779","-> S (15250)"
"103313","17657.57102566729","192.168.11.111","192.168.11.248","TCP","273","-> S (15250)"
"103314","17657.934962218973","192.168.11.248","192.168.11.111","IEC 60870-5-104","221","-> S (15250)"
"103315","17657.984364042106","192.168.11.111","192.168.11.248","TCP","340","-> S (15250)"
"103316","17658.03277880253","192.168.11.248","192.168.11.111","IEC 60870-5-104","618","-> S (15250)"
"103317","17658.290456462157","192.168.11.111","192.168.11.248","TCP","768","-> S (15250)"
"103318","17658.312085641788","192.168.11.248","192.168.11.111","IEC 60870-5-104","246","-> S (15250)"
"103319","17658.741224458507","192.168.11.111","192.168.11.248","TCP","255","-> S (15250)"
"103320","17658.78891890027","192.168.11.248","192.168.11.111","IEC 60870-5-104","393","-> S (15250)"
"103321","17658.897849900317","192.168.11.111","192.168.11.248","TCP","346","-> S (15250)"
"103322","17659.11314398839","192.168.11.248","192.168.11.111","IEC 60870-5-104","92","-> S (15250)"
"103323","17659.30507654204","192.168.11.111","192.168.11.248","TCP","247","-> S (15250)"
"103324","17659.361696222615","192.168.11.248","192.168.11.111","IEC 60870-5-104","65","-> S (15250)"
"103325","17659.396962237573","192.168.11.111","192.168.11.248","TCP","689","-> S (15250)"
"103326","17659.720688996917","192.168.11.248","192.168.11.111","IEC 60870-5-104","774","-> S (15250)"
"103327","17660.084239123258","192.168.11.111","192.168.11.248","TCP","383","-> S (15250)"
"103328","17660.163401657483","192.168.11.248","192.168.11.111","IEC 60870-5-104","627","-> S (15250)"
"103329","17660.19433484672","192.168.11.111","192.168.11.248","TCP","378","-> S (15250)"
"103330","17660.311470871427","192.168.11.248","192.168.11.111","IEC 60870-5-104","597","-> S (15250)"
"103331","17660.603069146047","192.168.11.111","192.168.11.248","TCP","457","-> S (15250)"
"103332","17660.779566858502","192.168.11.248","192.168.11.111","IEC 60870-5-104","133","-> S (15250)"
"103333","17660.934749184038","192.168.11.111","192.168.11.248","TCP","720","-> S (15250)"
"103334","17661.055537714652","192.168.11.248","192.168.11.111","IEC 60870-5-104","724","-> S (15250)"
"103335","17661.13597094914","192.168.11.111","192.168.11.248","TCP","901","-> S (15250)"
"103336","17661.19231714371","192.168.11.248","192.168.11.111","IEC 60870-5-104","542","-> S (15250)"
"103337","17661.292155517436","192.168.11.111","192.168.11.248","TCP","281","-> S (15250)"
"103338","17661.306520098617","192.168.11.248","192.168.11.111","IEC 60870-5-104","640","-> S (15250)"
"103339","17661.518725003632","192.168.11.111","192.168.11.248","TCP","692","-> S (15250)"
"103340","17661.692024158783","192.168.11.248","192.168.11.111","IEC 60870-5-104","341","-> S (15250)"
"103341","17661.728655014762","192.168.11.111","192.168.11.248","TCP","319","-> S (15250)"
"103342","17661.92919991883","192.168.11.248","192.168.11.111","IEC 60870-5-104","115","-> S (15250)"
"103343","17662.03269173554","192.168.11.111","192.168.11.248","TCP","661","-> S (15250)"
"103344","17662.10788587218","192.168.11.248","192.168.11.111","IEC 60870-5-104","202","-> S (15250)"
"103345","17662.17851155381","192.168.11.111","192.168.11.248","TCP","817","-> S (15250)"
"103346","17662.366249049788","192.168.11.248","192.168.11.111","IEC 60870-5-104","766","-> S (15250)"
"103347","17662.49121878591","192.168.11.111","192.168.11.248","TCP","300","-> S (15250)"
"103348","17662.508116026875","192.168.11.248","192.168.11.111","IEC 60870-5-104","252","-> S (15250)"
"103349","17662.5902663385","192.168.11.111","192.168.11.248","TCP","456","-> S (15250)"
"103350","17662.63084191118","192.168.11.248","192.168.11.111","IEC 60870-5-104","810","-> S (15250)"
"103351","17662.76083537001","192.168.11.111","192.168.11.248","TCP","521","-> S (15250)"
"103352","17663.17542641189","192.168.11.248","192.168.11.111","IEC 60870-5-104","244","-> S (15250)"
"103353","17663.32002059193","192.168.11.111","192.168.11.248","TCP","342","-> S (15250)"
"103354","17663.44067699989","192.168.11.248","192.168.11.111","IEC 60870-5-104","443","-> S (15250)"
"103355","17663.72841298424","192.168.11.111","192.168.11.248","TCP","596","-> S (15250)"
"103356","17663.853603215124","192.168.11.248","192.168.11.111","IEC 60870-5-104","194","-> S (15250)"
"103357","17663.85946348106","192.168.11.111","192.168.11.248","TCP","286","-> S (15250)"
"103358","17663.921079452502","192.168.11.248","192.168.11.111","IEC 60870-5-104","125","-> S (15250)"
"103359","17664.076557219443","192.168.11.111","192.168.11.248","TCP","450","-> S (15250)"
"103360","17664.162568962493","192.168.11.248","192.168.11.111","IEC 60870-5-104","671","-> S (15250)"
"103361","17664.530918725402","192.168.11.111","192.168.11.248","TCP","547","-> S (15250)"
"103362","17664.705210945627","192.168.11.248","192.168.11.111","IEC 60870-5-104","460","-> S (15250)"
"103363","17664.814909129942","192.168.11.111","192.168.11.248","TCP","697","-> S (15250)"
"103364","17665.14324943197","192.168.11.248","192.168.11.111","IEC 60870-5-104","514","-> S (15250)"
"103365","17665.166924219047","192.168.11.111","192.168.11.248","TCP","259","-> S (15250)"
"103366","17665.587657015094","192.168.11.248","192.168.11.111","IEC 60870-5-104","188","-> S (15250)"
"103367","17665.94654385658","192.168.11.111","192.168.11.248","TCP","297","-> S (15250)"
"103368","17665.95564427864","192.168.11.248","192.168.11.111","IEC 60870-5-104","429","-> S (15250)"
"103369","17666.30197395736","192.168.11.111","192.168.11.248","TCP","278","-> S (15250)"
"103370","17666.62341316186","192.168.11.248","192.168.11.111","IEC 60870-5-104","762","-> S (15250)"
"103371","17666.636372836718","192.168.11.111","192.168.11.248","TCP","341","-> S (15250)"
"103372","17666.758526530055","192.168.11.248","192.168.11.111","IEC 60870-5-104","356","-> S (15250)"
"103373","17666.84308372016","192.168.11.111","192.168.11.248","TCP","329","-> S (15250)"
"103374","17667.051657266467","192.168.11.248","192.168.11.111","IEC 60870-5-104","831","-> S (15250)"
"103375","17667.209241629993","192.168.11.111","192.168.11.248","TCP","500","-> S (15250)"
"103376","17667.329871520247","192.168.11.248","192.168.11.111","IEC 60870-5-104","471","-> S (15250)"
"103377","17667.606241344787","192.168.11.111","192.168.11.248","TCP","712","-> S (15250)"
"103378","17667.864958815782","192.168.11.248","192.168.11.111","IEC 60870-5-104","404","-> S (15250)"
"103379","17668.117105530924","192.168.11.111","192.168.11.248","TCP","640","-> S (15250)"
"103380","17668.312938714625","192.168.11.248","192.168.11.111","IEC 60870-5-104","311","-> S (15250)"
"103381","17668.44286847118","192.168.11.111","192.168.11.248","TCP","300","-> S (15250)"
"103382","17668.446296145168","192.168.11.248","192.168.11.111","IEC 60870-5-104","311","-> S (15250)"
"103383","17668.54084876136","192.168.11.111","192.168.11.248","TCP","322","-> S (15250)"
"103384","17668.698958845893","192.168.11.248","192.168.11.111","IEC 60870-5-104","153","-> S (15250)"
"103385","17668.74178558273","192.168.11.111","192.168.11.248","TCP","217","-> S (15250)"
"103386","17668.92004357895","192.168.11.248","192.168.11.111","IEC 60870-5-104","760","-> S (15250)"
"103387","17668.987575258525","192.168.11.111","192.168.11.248","TCP","557","-> S (15250)"
"103388","17669.038778723203","192.168.11.248","192.168.11.111","IEC 60870-5-104","420","-> S (15250)"
"103389","17669.11564332339","192.168.11.111","192.168.11.248","TCP","430","-> S (15250)"
"103390","17669.21242749746","192.168.11.248","192.168.11.111","IEC 60870-5-104","324","-> S (15250)"
"103391","17669.407310209514","192.168.11.111","192.168.11.248","TCP","282","-> S (15250)"
"103392","17669.55767279294","192.168.11.248","192.168.11.111","IEC 60870-5-104","304","-> S (15250)"
"103393","17669.713019096667","192.168.11.111","192.168.11.248","TCP","436","-> S (15250)"
"103394","17669.761855493354","192.168.11.248","192.168.11.111","IEC 60870-5-104","262","-> S (15250)"
"103395","17670.096983146414","192.168.11.111","192.168.11.248","TCP","425","-> S (15250)"
"103396","17670.287730597945","192.168.11.248","192.168.11.111","IEC 60870-5-104","745","-> S (15250)"
"103397","17670.393484833654","192.168.11.111","192.168.11.248","TCP","600","-> S (15250)"
"103398","17670.586480563234","192.168.11.248","192.168.11.111","IEC 60870-5-104","212","-> S (15250)"
"103399","17670.648170807784","192.168.11.111","192.168.11.248","TCP","495","-> S (15250)"
"103400","17670.68782347405","192.168.11.248","192.168.11.111","IEC 60870-5-104","370","-> S (15250)"
"103401","17670.775570617854","192.168.11.111","192.168.11.248","TCP","509","-> S (15250)"
"103402","17670.822749244293","192.168.11.248","192.168.11.111","IEC 60870-5-104","247","-> S (15250)"
"103403","17671.213365792457","192.168.11.111","192.168.11.248","TCP","451","-> S (15250)"
"103404","17671.35056321715","192.168.11.248","192.168.11.111","IEC 60870-5-104","541","-> S (15250)"
"103405","17671.42541533579","192.168.11.111","192.168.11.248","TCP","327","-> S (15250)"
"103406","17671.83296807457","192.168.11.248","192.168.11.111","IEC 60870-5-104","394","-> S (15250)"
"103407","17671.894071043214","192.168.11.111","192.168.11.248","TCP","503","-> S (15250)"
"103408","17672.08296010253","192.168.11.248","192.168.11.111","IEC 60870-5-104","121","-> S (15250)"
"103409","17672.21638664072","192.168.11.111","192.168.11.248","TCP","334","-> S (15250)"
"103410","17672.34552236467","192.168.11.248","192.168.11.111","IEC 60870-5-104","809","-> S (15250)"
"103411","17672.525084295856","192.168.11.111","192.168.11.248","TCP","484","-> S (15250)"
"103412","17672.629743244477","192.168.11.248","192.168.11.111","IEC 60870-5-104","146","-> S (15250)"
"103413","17672.914781470932","192.168.11.111","192.168.11.248","TCP","433","-> S (15250)"
"103414","17672.97628422672","192.168.11.248","192.168.11.111","IEC 60870-5-104","693","-> S (15250)"
"103415","17673.204452469206","192.168.11.111","192.168.11.248","TCP","328","-> S (15250)"
"103416","17673.52663685388","192.168.11.248","192.168.11.111","IEC 60870-5-104","286","-> S (15250)"
"103417","17673.885974848898","192.168.11.111","192.168.11.248","TCP","373","-> S (15250)"
"103418","17674.076972137802","192.168.11.248","192.168.11.111","IEC 60870-5-104","341","-> S (15250)"
"103419","17674.323435723432","192.168.11.111","192.168.11.248","TCP","680","-> S (15250)"
"103420","17674.73353067208","192.168.11.248","192.168.11.111","IEC 60870-5-104","475","-> S (15250)"
"103421","17674.832132417956","192.168.11.111","192.168.11.248","TCP","600","-> S (15250)"
"103422","17675.000778996022","192.168.11.248","192.168.11.111","IEC 60870-5-104","568","-> S (15250)"
"103423","17675.368508401833","192.168.11.111","192.168.11.248","TCP","360","-> S (15250)"
"103424","17675.427642984276","192.168.11.248","192.168.11.111","IEC 60870-5-104","445","-> S (15250)"
"103425","17675.51266708023","192.168.11.111","192.168.11.248","TCP","293","-> S (15250)"
"103426","17675.598233119814","192.168.11.248","192.168.11.111","IEC 60870-5-104","53","-> S (15250)"
"103427","17675.88104934506","192.168.11.111","192.168.11.248","TCP","425","-> S (15250)"
"103428","17675.89054703323","192.168.11.248","192.168.11.111","IEC 60870-5-104","598","-> S (15250)"
"103429","17675.92535715235","192.168.11.111","192.168.11.248","TCP","416","-> S (15250)"
"103430","17676.30822465066","192.168.11.248","192.168.11.111","IEC 60870-5-104","644","-> S (15250)"
"103431","17676.420926204337","192.168.11.111","192.168.11.248","TCP","324","-> S (15250)"
"103432","17676.81379833248","192.168.11.248","192.168.11.111","IEC 60870-5-104","250","-> S (15250)"
"103433","17677.134590547805","192.168.11.111","192.168.11.248","TCP","224","-> S (15250)"
"103434","17677.444022890428","192.168.11.248","192.168.11.111","IEC 60870-5-104","432","-> S (15250)"
"103435","17677.68919330081","192.168.11.111","192.168.11.248","TCP","257","-> S (15250)"
"103436","17678.009227267372","192.168.11.248","192.168.11.111","IEC 60870-5-104","240","-> S (15250)"
"103437","17678.239745863102","192.168.11.111","192.168.11.248","TCP","314","-> S (15250)"
"103438","17678.38930964963","192.168.11.248","192.168.11.111","IEC 60870-5-104","174","-> S (15250)"
"103439","17678.403717204736","192.168.11.111","192.168.11.248","TCP","617","-> S (15250)"
"103440","17678.51922882173","192.168.11.248","192.168.11.111","IEC 60870-5-104","448","-> S (15250)"
"103441","17678.805598568593","192.168.11.111","192.168.11.248","TCP","318","-> S (15250)"
"103442","17678.88860618307","192.168.11.248","192.168.11.111","IEC 60870-5-104","87","-> S (15250)"
"103443","17678.957028936038","192.168.11.111","192.168.11.248","TCP","538","-> S (15250)"
"103444","17679.20105693055","192.168.11.248","192.168.11.111","IEC 60870-5-104","644","-> S (15250)"
"103445","17679.352479671958","192.168.11.111","192.168.11.248","TCP","356","-> S (15250)"
"103446","17679.633933732806","192.168.11.248","192.168.11.111","IEC 60870-5-104","887","-> S (15250)"
"103447","17680.070343896572","192.168.11.111","192.168.11.248","TCP","377","-> S (15250)"
"103448","17680.352229135424","192.168.11.248","192.168.11.111","IEC 60870-5-104","376","-> S (15250)"
"103449","17680.61055310484","192.168.11.111","192.168.11.248","TCP","777","-> S (15250)"
"103450","17680.868886734985","192.168.11.248","192.168.11.111","IEC 60870-5-104","575","-> S (15250)"
"103451","17680.877273153357","192.168.11.111","192.168.11.248","TCP","455","-> S (15250)"
"103452","17680.975896576154","192.168.11.248","192.168.11.111","IEC 60870-5-104","139","-> S (15250)"
"103453","17681.308004262166","192.168.11.111","192.168.11.248","TCP","502","-> S (15250)"
"103454","17681.32153289125","192.168.11.248","192.168.11.111","IEC 60870-5-104","131","-> S (15250)"
"103455","17681.42175112065","192.168.11.111","192.168.11.248","TCP","703","-> S (15250)"
"103456","17681.561540661645","192.168.11.248","192.168.11.111","IEC 60870-5-104","605","-> S (15250)"
"103457","17681.76520660657","192.168.11.111","192.168.11.248","TCP","429","-> S (15250)"
"103458","17682.091096134707","192.168.11.248","192.168.11.111","IEC 60870-5-104","370","-> S (15250)"
"103459","17682.38944858145","192.168.11.111","192.168.11.248","TCP","699","-> S (15250)"
"103460","17682.442698031446","192.168.11.248","192.168.11.111","IEC 60870-5-104","77","-> S (15250)"
"103461","17682.571561924145","192.168.11.111","192.168.11.248","TCP","860","-> S (15250)"
"103462","17682.816140610772","192.168.11.248","192.168.11.111","IEC 60870-5-104","462","-> S (15250)"
"103463","17683.04128572611","192.168.11.111","192.168.11.248","TCP","526","-> S (15250)"
"103464","17683.123238221717","192.168.11.248","192.168.11.111","IEC 60870-5-104","328","-> S (15250)"
"103465","17683.20386177788","192.168.11.111","192.168.11.248","TCP","256","-> S (15250)"
"103466","17683.503557173506","192.168.11.248","192.168.11.111","IEC 60870-5-104","310","-> S (15250)"
"103467","17683.521440287815","192.168.11.111","192.168.11.248","TCP","549","-> S (15250)"
"103468","17683.676540271215","192.168.11.248","192.168.11.111","IEC 60870-5-104","337","-> S (15250)"
"103469","17683.682749295174","192.168.11.111","192.168.11.248","TCP","244","-> S (15250)"
"103470","17683.80145155622","192.168.11.248","192.168.11.111","IEC 60870-5-104","150","-> S (15250)"
"103471","17683.88135565024","192.168.11.111","192.168.11.248","TCP","580","-> S (15250)"
"103472","17684.113788498402","192.168.11.248","192.168.11.111","IEC 60870-5-104","194","-> S (15250)"
"103473","17684.124105984574","192.168.11.111","192.168.11.248","TCP","285","-> S (15250)"
"103474","17684.163409735393","192.168.11.248","192.168.11.111","IEC 60870-5-104","93","-> S (15250)"
"103475","17684.17709105481","192.168.11.111","192.168.11.248","TCP","767","-> S (15250)"
"103476","17684.53455451343","192.168.11.248","192.168.11.111","IEC 60870-5-104","362","-> S (15250)"
"103477","17684.735031044987","192.168.11.111","192.168.11.248","TCP","399","-> S (15250)"
"103478","17684.883209207528","192.168.11.248","192.168.11.111","IEC 60870-5-104","315","-> S (15250)"
"103479","17684.89533310701","192.168.11.111","192.168.11.248","TCP","614","-> S (15250)"
"103480","17685.08688035938","192.168.11.248","192.168.11.111","IEC 60870-5-104","276","-> S (15250)"
"103481","17685.262659640466","192.168.11.111","192.168.11.248","TCP","484","-> S (15250)"
"103482","17685.601584875047","192.168.11.248","192.168.11.111","IEC 60870-5-104","62","-> S (15250)"
"103483","17685.887644703347","192.168.11.111","192.168.11.248","TCP","484","-> S (15250)"
"103484","17685.954169929337","192.168.11.248","192.168.11.111","IEC 60870-5-104","388","-> S (15250)"
"103485","17686.36764510861","192.168.11.111","192.168.11.248","TCP","389","-> S (15250)"
"103486","17686.71899117764","192.168.11.248","192.168.11.111","IEC 60870-5-104","905","-> S (15250)"
"103487","17686.81900886807","192.168.11.111","192.168.11.248","TCP","257","-> S (15250)"
"103488","17687.19288742807","192.168.11.248","192.168.11.111","IEC 60870-5-104","981","-> S (15250)"
"103489","17687.533774449697","192.168.11.111","192.168.11.248","TCP","839","-> S (15250)"
"103490","17687.692191051116","192.168.11.248","192.168.11.111","IEC 60870-5-104","216","-> S (15250)"
"103491","17687.7891828103","192.168.11.111","192.168.11.248","TCP","601","-> S (15250)"
"103492","17688.05936179306","192.168.11.248","192.168.11.111","IEC 60870-5-104","372","-> S (15250)"
"103493","17688.11024722604","192.168.11.111","192.168.11.248","TCP","254","-> S (15250)"
"103494","17688.306094445787","192.168.11.248","192.168.11.111","IEC 60870-5-104","296","-> S (15250)"
"103495","17688.39520512417","192.168.11.111","192.168.11.248","TCP","559","-> S (15250)"
"103496","17688.405215782266","192.168.11.248","192.168.11.111","IEC 60870-5-104","453","-> S (15250)"
"103497","17688.795470445042","192.168.11.111","192.168.11.248","TCP","693","-> S (15250)"
"103498","17689.10675942715","192.168.11.248","192.168.11.111","IEC 60870-5-104","587","-> S (15250)"
"103499","17689.272020476827","192.168.11.111","192.168.11.248","TCP","576","-> S (15250)"
"103500","17689.395812197818","192.168.11.248","192.168.11.111","IEC 60870-5-104","537","-> S (15250)"
"103501","17689.562746076346","192.168.11.111","192.168.11.248","TCP","677","-> S (15250)"
"103502","17689.76395982867","192.168.11.248","192.168.11.111","IEC 60870-5-104","138","-> S (15250)"
"103503","17689.79319764603","192.168.11.111","192.168.11.248","TCP","314","-> S (15250)"
"103504","17689.862474974743","192.168.11.248","192.168.11.111","IEC 60870-5-104","910","-> S (15250)"
"103505","17690.092649546004","192.168.11.111","192.168.11.248","TCP","280","-> S (15250)"
"103506","17690.453608650154","192.168.11.248","192.168.11.111","IEC 60870-5-104","210","-> S (15250)"
"103507","17690.588484197535","192.168.11.111","192.168.11.248","TCP","366","-> S (15250)"
"103508","17690.78893479715","192.168.11.248","192.168.11.111","IEC 60870-5-104","954","-> S (15250)"
"103509","17691.037406683172","192.168.11.111","192.168.11.248","TCP","281","-> S (15250)"
"103510","17691.0439570651","192.168.11.248","192.168.11.111","IEC 60870-5-104","241","-> S (15250)"
"103511","17691.116220400443","192.168.11.111","192.168.11.248","TCP","532","-> S (15250)"
"103512","17691.24557437958","192.168.11.248","192.168.11.111","IEC 60870-5-104","407","-> S (15250)"
"103513","17691.535943569805","192.168.11.111","192.168.11.248","TCP","548","-> S (15250)"
"103514","17691.824355944354","192.168.11.248","192.168.11.111","IEC 60870-5-104","915","-> S (15250)"
"103515","17691.856381356465","192.168.11.111","192.168.11.248","TCP","340","-> S (15250)"
"103516","17691.97117118237","192.168.11.248","192.168.11.111","IEC 60870-5-104","287","-> S (15250)"
"103517","17692.34882105573","192.168.11.111","192.168.11.248","TCP","405","-> S (15250)"
"103518","17692.522091852723","192.168.11.248","192.168.11.111","IEC 60870-5-104","691","-> S (15250)"
"103519","17692.63479864379","192.168.11.111","192.168.11.248","TCP","522","-> S (15250)"
"103520","17692.84360085779","192.168.11.248","192.168.11.111","IEC 60870-5-104","397","-> S (15250)"
"103521","17692.858435441594","192.168.11.111","192.168.11.248","TCP","437","-> S (15250)"
"103522","17693.080211766137","192.168.11.248","192.168.11.111","IEC 60870-5-104","645","-> S (15250)"
"103523","17693.144317305047","192.168.11.111","192.168.11.248","TCP","812","-> S (15250)"
"103524","17693.224824712353","192.168.11.248","192.168.11.111","IEC 60870-5-104","491","-> S (15250)"
"103525","17693.33802532787","192.168.11.111","192.168.11.248","TCP","440","-> S (15250)"
"103526","17693.579545460085","192.168.11.248","192.168.11.111","IEC 60870-5-104","186","-> S (15250)"
"103527","17693.762574934903","192.168.11.111","192.168.11.248","TCP","640","-> S (15250)"
"103528","17693.93639492362","192.168.11.248","192.168.11.111","IEC 60870-5-104","100","-> S (15250)"
"103529","17694.099870801023","192.168.11.111","192.168.11.248","TCP","883","-> S (15250)"
"103530","17694.4354428776","192.168.11.248","192.168.11.111","IEC 60870-5-104","493","-> S (15250)"
"103531","17694.479162927346","192.168.11.111","192.168.11.248","TCP","725","-> S (15250)"
"103532","17694.57666937573","192.168.11.248","192.168.11.111","IEC 60870-5-104","93","-> S (15250)"
"103533","17694.795233398334","192.168.11.111","192.168.11.248","TCP","621","-> S (15250)"
"103534","17694.856586959133","192.168.11.248","192.168.11.111","IEC 60870-5-104","121","-> S (15250)"
"103535","17695.02466877603","192.168.11.111","192.168.11.248","TCP","621","-> S (15250)"
"103536","17695.11253552079","192.168.11.248","192.168.11.111","IEC 60870-5-104","406","-> S (15250)"
"103537","17695.55368183238","192.168.11.111","192.168.11.248","TCP","775","-> S (15250)"
"103538","17695.97868799545","192.168.11.248","192.168.11.111","IEC 60870-5-104","918","-> S (15250)"
"103539","17696.340315751506","192.168.11.111","192.168.11.248","TCP","574","-> S (15250)"
"103540","17696.404293783326","192.168.11.248","192.168.11.111","IEC 60870-5-104","345","-> S (15250)"
"103541","17696.48638541967","192.168.11.111","192.168.11.248","TCP","698","-> S (15250)"
"103542","17696.7082169577","192.168.11.248","192.168.11.111","IEC 60870-5-104","160","-> S (15250)"
"103543","17697.05700312389","192.168.11.111","192.168.11.248","TCP","492","-> S (15250)"
"103544","17697.283555843434","192.168.11.248","192.168.11.111","IEC 60870-5-104","163","-> S (15250)"
"103545","17697.62303125354","192.168.11.111","192.168.11.248","TCP","238","-> S (15250)"
"103546","17697.79167993359","192.168.11.248","192.168.11.111","IEC 60870-5-104","400","-> S (15250)"
"103547","17697.883804846955","192.168.11.111","192.168.11.248","TCP","733","-> S (15250)"
"103548","17698.09320715928","192.168.11.248","192.168.11.111","IEC 60870-5-104","544","-> S (15250)"
"103549","17698.402455230105","192.168.11.111","192.168.11.248","TCP","282","-> S (15250)"
"103550","17698.508892482085","192.168.11.248","192.168.11.111","IEC 60870-5-104","202","-> S (15250)"
"103551","17698.6531066431","192.168.11.111","192.168.11.248","TCP","428","-> S (15250)"
"103552","17698.68842431699","192.168.11.248","192.168.11.111","IEC 60870-5-104","300","-> S (15250)"
"103553","17698.695679424905","192.168.11.111","192.168.11.248","TCP","525","-> S (15250)"
"103554","17698.971218984065","192.168.11.248","192.168.11.111","IEC 60870-5-104","878","-> S (15250)"
"103555","17699.186622581907","192.168.11.111","192.168.11.248","TCP","262","-> S (15250)"
"103556","17699.396154490707","192.168.11.248","192.168.11.111","IEC 60870-5-104","626","-> S (15250)"
"103557","17699.717550639434","192.168.11.111","192.168.11.248","TCP","542","-> S (15250)"
"103558","17699.922855769048","192.168.11.248","192.168.11.111","IEC 60870-5-104","626","-> S (15250)"
"103559","17700.025806788675","192.168.11.111","192.168.11.248","TCP","502","-> S (15250)"
"103560","17700.028333825558","192.168.11.248","192.168.11.111","IEC 60870-5-104","176","-> S (15250)"
"103561","17700.3517876762","192.168.11.111","192.168.11.248","TCP","551","-> S (15250)"
"103562","17700.405585248453","192.168.11.248","192.168.11.111","IEC 60870-5-104","128","-> S (15250)"
"103563","17700.50568103166","192.168.11.111","192.168.11.248","TCP","260","-> S (15250)"
"103564","17700.602776582135","192.168.11.248","192.168.11.111","IEC 60870-5-104","253","-> S (15250)"
"103565","17700.846974681015","192.168.11.111","192.168.11.248","TCP","311","-> S (15250)"
"103566","17700.913886328468","192.168.11.248","192.168.11.111","IEC 60870-5-104","159","-> S (15250)"
"103567","17700.943909874735","192.168.11.111","192.168.11.248","TCP","836","-> S (15250)"
"103568","17701.02707139733","192.168.11.248","192.168.11.111","IEC 60870-5-104","263","-> S (15250)"
"103569","17701.084346962267","192.168.11.111","192.168.11.248","TCP","309","-> S (15250)"
"103570","17701.106569128613","192.168.11.248","192.168.11.111","IEC 60870-5-104","132","-> S (15250)"
"103571","17701.351233287198","192.168.11.111","192.168.11.248","TCP","399","-> S (15250)"
"103572","17701.3734867719","192.168.11.248","192.168.11.111","IEC 60870-5-104","366","-> S (15250)"
"103573","17701.50369010474","192.168.11.111","192.168.11.248","TCP","303","-> S (15250)"
"103574","17701.682629766543","192.168.11.248","192.168.11.111","IEC 60870-5-104","321","-> S (15250)"
"103575","17701.78347059773","192.168.11.111","192.168.11.248","TCP","516","-> S (15250)"
"103576","17701.82916205267","192.168.11.248","192.168.11.111","IEC 60870-5-104","288","-> S (15250)"
"103577","17701.869608269528","192.168.11.111","192.168.11.248","TCP","346","-> S (15250)"
"103578","17702.003038138082","192.168.11.248","192.168.11.111","IEC 60870-5-104","551","-> S (15250)"
"103579","17702.35779995747","192.168.11.111","192.168.11.248","TCP","335","-> S (15250)"
"103580","17702.401009393565","192.168.11.248","192.168.11.111","IEC 60870-5-104","637","-> S (15250)"
"103581","17702.719449266984","192.168.11.111","192.168.11.248","TCP","334","-> S (15250)"
"103582","17702.866723603565","192.168.11.248","192.168.11.111","IEC 60870-5-104","167","-> S (15250)"
"103583","17702.88772100353","192.168.11.111","192.168.11.248","TCP","629","-> S (15250)"
"103584","17703.231490072325","192.168.11.248","192.168.11.111","IEC 60870-5-104","535","-> S (15250)"
"103585","17703.25109731577","192.168.11.111","192.168.11.248","TCP","511","-> S (15250)"
"103586","17703.3985866142","192.168.11.248","192.168.11.111","IEC 60870-5-104","605","-> S (15250)"
"103587","17703.708683034427","192.168.11.111","192.168.11.248","TCP","540","-> S (15250)"
"103588","17703.897194400233","192.168.11.248","192.168.11.111","IEC 60870-5-104","87","-> S (15250)"
"103589","17704.073809180456","192.168.11.111","192.168.11.248","TCP","283","-> S (15250)"
"103590","17704.101013404506","192.168.11.248","192.168.11.111","IEC 60870-5-104","169","-> S (15250)"
"103591","17704.315685356905","192.168.11.111","192.168.11.248","TCP","750","-> S (15250)"
"103592","17704.459343608403","192.168.11.248","192.168.11.111","IEC 60870-5-104","158","-> S (15250)"
"103593","17704.560349258474","192.168.11.111","192.168.11.248","TCP","493","-> S (15250)"
"103594","17704.597110572508","192.168.11.248","192.168.11.111","IEC 60870-5-104","521","-> S (15250)"
"103595","17704.740891776346","192.168.11.111","192.168.11.248","TCP","693","-> S (15250)"
"103596","17705.00648404235","192.168.11.248","192.168.11.111","IEC 60870-5-104","107","-> S (15250)"
"103597","17705.06581158912","192.168.11.111","192.168.11.248","TCP","428","-> S (15250)"
"103598","17705.122014568533","192.168.11.248","192.168.11.111","IEC 60870-5-104","663","-> S (15250)"
"103599","17705.16811745509","192.168.11.111","192.168.11.248","TCP","399","-> S (15250)"
"103600","17705.20114475359","192.168.11.248","192.168.11.111","IEC 60870-5-104","684","-> S (15250)"
"103601","17705.50108999654","192.168.11.111","192.168.11.248","TCP","248","-> S (15250)"
"103602","17705.58806426481","192.168.11.248","192.168.11.111","IEC 60870-5-104","381","-> S (15250)"
"103603","17705.71725643518","192.168.11.111","192.168.11.248","TCP","246","-> S (15250)"
"103604","17705.876311164502","192.168.11.248","192.168.11.111","IEC 60870-5-104","521","-> S (15250)"
"103605","17705.953540381422","192.168.11.111","192.168.11.248","TCP","768","-> S (15250)"
"103606","17706.017140109696","192.168.11.248","192.168.11.111","IEC 60870-5-104","628","-> S (15250)"
"103607","17706.127849190943","192.168.11.111","192.168.11.248","TCP","305","-> S (15250)"
"103608","17706.43916004023","192.168.11.248","192.168.11.111","IEC 60870-5-104","961","-> S (15250)"
"103609","17706.74144512055","192.168.11.111","192.168.11.248","TCP","568","-> S (15250)"
"103610","17707.11833807384","192.168.11.248","192.168.11.111","IEC 60870-5-104","366","-> S (15250)"
"103611","17707.23308268201","192.168.11.111","192.168.11.248","TCP","221","-> S (15250)"
"103612","17707.687422758427","192.168.11.248","192.168.11.111","IEC 60870-5-104","504","-> S (15250)"
"103613","17707.883698870934","192.168.11.111","192.168.11.248","TCP","288","-> S (15250)"
"103614","17707.982539031458","192.168.11.248","192.168.11.111","IEC 60870-5-104","667","-> S (15250)"
"103615","17708.120110768305","192.168.11.111","192.168.11.248","TCP","688","-> S (15250)"
"103616","17708.14394569313","192.168.11.248","192.168.11.111","IEC 60870-5-104","237","-> S (15250)"
"103617","17708.151533210028","192.168.11.111","192.168.11.248","TCP","272","-> S (15250)"
"103618","17708.18365104716","192.168.11.248","192.168.11.111","IEC 60870-5-104","483","-> S (15250)"
"103619","17708.405951596913","192.168.11.111","192.168.11.248","TCP","272","-> S (15250)"
"103620","17708.62889999055","192.168.11.248","192.168.11.111","IEC 60870-5-104","296","-> S (15250)"
"103621","17709.02815617376","192.168.11.111","192.168.11.248","TCP","271","-> S (15250)"
"103622","17709.35189129195","192.168.11.248","192.168.11.111","IEC 60870-5-104","184","-> S (15250)"
"103623","17709.505958013764","192.168.11.111","192.168.11.248","TCP","328","-> S (15250)"
"103624","17709.61489054909","192.168.11.248","192.168.11.111","IEC 60870-5-104","692","-> S (15250)"
"103625","17709.75949346818","192.168.11.111","192.168.11.248","TCP","349","-> S (15250)"
"103626","17709.797813234964","192.168.11.248","192.168.11.111","IEC 60870-5-104","489","-> S (15250)"
"103627","17709.80527772853","192.168.11.111","192.168.11.248","TCP","607","-> S (15250)"
"103628","17710.062380118838","192.168.11.248","192.168.11.111","IEC 60870-5-104","336","-> S (15250)"
"103629","17710.4799916941","192.168.11.111","192.168.11.248","TCP","494","-> S (15250)"
"103630","17710.572639610913","192.168.11.248","192.168.11.111","IEC 60870-5-104","65","-> S (15250)"
"103631","17710.651417425164","192.168.11.111","192.168.11.248","TCP","336","-> S (15250)"
"103632","17710.827198285377","192.168.11.248","192.168.11.111","IEC 60870-5-104","236","-> S (15250)"
"103633","17710.950408176315","192.168.11.111","192.168.11.248","TCP","829","-> S (15250)"
"103634","17711.09151976621","192.168.11.248","192.168.11.111","IEC 60870-5-104","94","-> S (15250)"
"103635","17711.09823032077","192.168.11.111","192.168.11.248","TCP","483","-> S (15250)"
"103636","17711.35484674429","192.168.11.248","192.168.11.111","IEC 60870-5-104","449","-> S (15250)"
"103637","17711.57388899022","192.168.11.111","192.168.11.248","TCP","296","-> S (15250)"
"103638","17711.57542984712","192.168.11.248","192.168.11.111","IEC 60870-5-104","737","-> S (15250)"
"103639","17711.831976079466","192.168.11.111","192.168.11.248","TCP","257","-> S (15250)"
"103640","17711.88449949741","192.168.11.248","192.168.11.111","IEC 60870-5-104","507","-> S (15250)"
"103641","17712.006274676358","192.168.11.111","192.168.11.248","TCP","648","-> S (15250)"
"103642","17712.04181556035","192.168.11.248","192.168.11.111","IEC 60870-5-104","287","-> S (15250)"
"103643","17712.205861441013","192.168.11.111","192.168.11.248","TCP","519","-> S (15250)"
"103644","17712.362566699932","192.168.11.248","192.168.11.111","IEC 60870-5-104","494","-> S (15250)"
"103645","17712.710515844465","192.168.11.111","192.168.11.248","TCP","352","-> S (15250)"
"103646","17712.982039970066","192.168.11.248","192.168.11.111","IEC 60870-5-104","287","-> S (15250)"
"103647","17713.26430407781","192.168.11.111","192.168.11.248","TCP","667","-> S (15250)"
"103648","17713.441162124454","192.168.11.248","192.168.11.111","IEC 60870-5-104","271","-> S (15250)"
"103649","17713.585599246882","192.168.11.111","192.168.11.248","TCP","347","-> S (15250)"
"103650","17713.671655147373","192.168.11.248","192.168.11.111","IEC 60870-5-104","192","-> S (15250)"
"103651","17713.875084151066","192.168.11.111","192.168.11.248","TCP","589","-> S (15250)"
"103652","17713.97699819419","192.168.11.248","192.168.11.111","IEC 60870-5-104","218","-> S (15250)"
"103653","17714.07787506791","192.168.11.111","192.168.11.248","TCP","673","-> S (15250)"
"103654","17714.09007778345","192.168.11.248","192.168.11.111","IEC 60870-5-104","291","-> S (15250)"
"103655","17714.240757287218","192.168.11.111","192.168.11.248","TCP","749","-> S (15250)"
"103656","17714.36106297109","192.168.11.248","192.168.11.111","IEC 60870-5-104","120","-> S (15250)"
"103657","17714.737289580476","192.168.11.111","192.168.11.248","TCP","254","-> S (15250)"
"103658","17714.74543888647","192.168.11.248","192.168.11.111","IEC 60870-5-104","131","-> S (15250)"
"103659","17714.873434684934","192.168.11.111","192.168.11.248","TCP","422","-> S (15250)"
"103660","17714.999155244586","192.168.11.248","192.168.11.111","IEC 60870-5-104","302","-> S (15250)"
"103661","17715.032109432887","192.168.11.111","192.168.11.248","TCP","303","-> S (15250)"
"103662","17715.04756723082","192.168.11.248","192.168.11.111","IEC 60870-5-104","110","-> S (15250)"
"103663","17715.26952857388","192.168.11.111","192.168.11.248","TCP","792","-> S (15250)"
"103664","17715.549072634487","192.168.11.248","192.168.11.111","IEC 60870-5-104","236","-> S (15250)"
"103665","17715.714599378476","192.168.11.111","192.168.11.248","TCP","521","-> S (15250)"
"103666","17715.777577043107","192.168.11.248","192.168.11.111","IEC 60870-5-104","684","-> S (15250)"
"103667","17715.84528004445","192.168.11.111","192.168.11.248","TCP","600","-> S (15250)"
"103668","17715.956895824642","192.168.11.248","192.168.11.111","IEC 60870-5-104","115","-> S (15250)"
"103669","17716.066865149238","192.168.11.111","192.168.11.248","TCP","336","-> S (15250)"
"103670","17716.250827347318","192.168.11.248","192.168.11.111","IEC 60870-5-104","93","-> S (15250)"
"103671","17716.5520700311","192.168.11.111","192.168.11.248","TCP","426","-> S (15250)"
"103672","17716.624588931303","192.168.11.248","192.168.11.111","IEC 60870-5-104","411","-> S (15250)"
"103673","17716.64900609804","192.168.11.111","192.168.11.248","TCP","235","-> S (15250)"
"103674","17716.694976143946","192.168.11.248","192.168.11.111","IEC 60870-5-104","726","-> S (15250)"
"103675","17717.048286533573","192.168.11.111","192.168.11.248","TCP","563","-> S (15250)"
"103676","17717.065983546287","192.168.11.248","192.168.11.111","IEC 60870-5-104","332","-> S (15250)"
"103677","17717.19836972543","192.168.11.111","192.168.11.248","TCP","914","-> S (15250)"
"103678","17717.28886368283","192.168.11.248","192.168.11.111","IEC 60870-5-104","155","-> S (15250)"
"103679","17717.500094975196","192.168.11.111","192.168.11.248","TCP","554","-> S (15250)"
"103680","17717.526679079292","192.168.11.248","192.168.11.111","IEC 60870-5-104","694","-> S (15250)"
"103681","17717.69410591394","192.168.11.111","192.168.11.248","TCP","295","-> S (15250)"
"103682","17717.81888956711","192.168.11.248","192.168.11.111","IEC 60870-5-104","385","-> S (15250)"
"103683","17717.988218792452","192.168.11.111","192.168.11.248","TCP","418","-> S (15250)"
"103684","17718.01105875711","192.168.11.248","192.168.11.111","IEC 60870-5-104","335","-> S (15250)"
"103685","17718.280574268854","192.168.11.111","192.168.11.248","TCP","237","-> S (15250)"
"103686","17718.38691303867","192.168.11.248","192.168.11.111","IEC 60870-5-104","124","-> S (15250)"
"103687","17718.53069325376","192.168.11.111","192.168.11.248","TCP","690","-> S (15250)"
"103688","17718.79408916092","192.168.11.248","192.168.11.111","IEC 60870-5-104","445","-> S (15250)"
"103689","17719.044686841255","192.168.11.111","192.168.11.248","TCP","565","-> S (15250)"
"103690","17719.07067869082","192.168.11.248","192.168.11.111","IEC 60870-5-104","215","-> S (15250)"
"103691","17719.130521084568","192.168.11.111","192.168.11.248","TCP","463","-> S (15250)"
"103692","17719.31812679471","192.168.11.248","192.168.11.111","IEC 60870-5-104","526","-> S (15250)"
"103693","17719.469851900325","192.168.11.111","192.168.11.248","TCP","870","-> S (15250)"
"103694","17719.795076065773","192.168.11.248","192.168.11.111","IEC 60870-5-104","689","-> S (15250)"
"103695","17719.8044472187","192.168.11.111","192.168.11.248","TCP","224","-> S (15250)"
"103696","17719.952388843216","192.168.11.248","192.168.11.111","IEC 60870-5-104","725","-> S (15250)"
"103697","17720.042624490623","192.168.11.111","192.168.11.248","TCP","342","-> S (15250)"
"103698","17720.121064528525","192.168.11.248","192.168.11.111","IEC 60870-5-104","359","-> S (15250)"
"103699","17720.15214869811","192.168.11.111","192.168.11.248","TCP","372","-> S (15250)"
"103700","17720.419043824088","192.168.11.248","192.168.11.111","IEC 60870-5-104","415","-> S (15250)"
"103701","17720.756492132725","192.168.11.111","192.168.11.248","TCP","340","-> S (15250)"
"103702","17721.101253440887","192.168.11.248","192.168.11.111","IEC 60870-5-104","374","-> S (15250)"
"103703","17721.111015663526","192.168.11.111","192.168.11.248","TCP","382","-> S (15250)"
"103704","17721.294339784836","192.168.11.248","192.168.11.111","IEC 60870-5-104","554","-> S (15250)"
"103705","17721.37127846412","192.168.11.111","192.168.11.248","TCP","790","-> S (15250)"
"103706","17721.518998405765","192.168.11.248","192.168.11.111","IEC 60870-5-104","597","-> S (15250)"
"103707","17721.664782933945","192.168.11.111","192.168.11.248","TCP","605","-> S (15250)"
"103708","17721.706313062532","192.168.11.248","192.168.11.111","IEC 60870-5-104","264","-> S (15250)"
"103709","17722.038262587583","192.168.11.111","192.168.11.248","TCP","308","-> S (15250)"
"103710","17722.235723034257","192.168.11.248","192.168.11.111","IEC 60870-5-104","699","-> S (15250)"
"103711","17722.341341374515","192.168.11.111","192.168.11.248","TCP","558","-> S (15250)"
"103712","17722.45564528206","192.168.11.248","192.168.11.111","IEC 60870-5-104","125","-> S (15250)"
"103713","17722.684880287146","192.168.11.111","192.168.11.248","TCP","494","-> S (15250)"
"103714","17722.754462981065","192.168.11.248","192.168.11.111","IEC 60870-5-104","285","-> S (15250)"
"103715","17722.95990556642","192.168.11.111","192.168.11.248","TCP","392","-> S (15250)"
"103716","17723.123440232772","192.168.11.248","192.168.11.111","IEC 60870-5-104","338","-> S (15250)"
"103717","17723.42859091712","192.168.11.111","192.168.11.248","TCP","456","-> S (15250)"
"103718","17723.44580296747","192.168.11.248","192.168.11.111","IEC 60870-5-104","635","-> S (15250)"
"103719","17723.597463270755","192.168.11.111","192.168.11.248","TCP","469","-> S (15250)"
"103720","17723.97092751027","192.168.11.248","192.168.11.111","IEC 60870-5-104","383","-> S (15250)"
"103721","17724.07844594682","192.168.11.111","192.168.11.248","TCP","904","-> S (15250)"
"103722","17724.242001091017","192.168.11.248","192.168.11.111","IEC 60870-5-104","113","-> S (15250)"
"103723","17724.62116065484","192.168.11.111","192.168.11.248","TCP","340","-> S (15250)"
"103724","17724.966403608432","192.168.11.248","192.168.11.111","IEC 60870-5-104","187","-> S (15250)"
"103725","17725.148638897197","192.168.11.111","192.168.11.248","TCP","484","-> S (15250)"
"103726","17725.152559135946","192.168.11.248","192.168.11.111","IEC 60870-5-104","311","-> S (15250)"
"103727","17725.169397350423","192.168.11.111","192.168.11.248","TCP","406","-> S (15250)"
"103728","17725.291936598143","192.168.11.248","192.168.11.111","IEC 60870-5-104","735","-> S (15250)"
"103729","17725.410750311577","192.168.11.111","192.168.11.248","TCP","342","-> S (15250)"
"103730","17725.548205380597","192.168.11.248","192.168.11.111","IEC 60870-5-104","347","-> S (15250)"
"103731","17725.773860878617","192.168.11.111","192.168.11.248","TCP","569","-> S (15250)"
"103732","17725.90761149013","192.168.11.248","192.168.11.111","IEC 60870-5-104","289","-> S (15250)"
"103733","17726.074443482357","192.168.11.111","192.168.11.248","TCP","607","-> S (15250)"
"103734","17726.190201564597","192.168.11.248","192.168.11.111","IEC 60870-5-104","177","-> S (15250)"
"103735","17726.469323483627","192.168.11.111","192.168.11.248","TCP","698","-> S (15250)"
"103736","17726.523354629127","192.168.11.248","192.168.11.111","IEC 60870-5-104","406","-> S (15250)"
"103737","17726.56179273874","192.168.11.111","192.168.11.248","TCP","334","-> S (15250)"
"103738","17726.890679947894","192.168.11.248","192.168.11.111","IEC 60870-5-104","212","-> S (15250)"
"103739","17726.898807390087","192.168.11.111","192.168.11.248","TCP","367","-> S (15250)"
"103740","17726.91998148894","192.168.11.248","192.168.11.111","IEC 60870-5-104","257","-> S (15250)"
"103741","17727.105852749475","192.168.11.111","192.168.11.248","TCP","319","-> S (15250)"
"103742","17727.214993412017","192.168.11.248","192.168.11.111","IEC 60870-5-104","111","-> S (15250)"
"103743","17727.6493212337","192.168.11.111","192.168.11.248","TCP","464","-> S (15250)"
"103744","17727.689543862743","192.168.11.248","192.168.11.111","IEC 60870-5-104","275","-> S (15250)"
"103745","17727.916534479675","192.168.11.111","192.168.11.248","TCP","626","-> S (15250)"
"103746","17728.206669946983","192.168.11.248","192.168.11.111","IEC 60870-5-104","214","-> S (15250)"
"103747","17728.319883172226","192.168.11.111","192.168.11.248","TCP","927","-> S (15250)"
"103748","17728.50182822134","192.168.11.248","192.168.11.111","IEC 60870-5-104","238","-> S (15250)"
"103749","17728.72474829341","192.168.11.111","192.168.11.248","TCP","422","-> S (15250)"
"103750","17728.917115008706","192.168.11.248","192.168.11.111","IEC 60870-5-104","458","-> S (15250)"
"103751","17728.987726990836","192.168.11.111","192.168.11.248","TCP","582","-> S (15250)"
"103752","17729.21684229187","192.168.11.248","192.168.11.111","IEC 60870-5-104","821","-> S (15250)"
"103753","17729.569656270825","192.168.11.111","192.168.11.248","TCP","547","-> S (15250)"
"103754","17729.61085634132","192.168.11.248","192.168.11.111","IEC 60870-5-104","415","-> S (15250)"
"103755","17729.738516605543","192.168.11.111","192.168.11.248","TCP","783","-> S (15250)"
"103756","17729.85557798885","192.168.11.248","192.168.11.111","IEC 60870-5-104","552","-> S (15250)"
"103757","17729.947563827296","192.168.11.111","192.168.11.248","TCP","289","-> S (15250)"
"103758","17730.26608075974","192.168.11.248","192.168.11.111","IEC 60870-5-104","151","-> S (15250)"
"103759","17730.717851258934","192.168.11.111","192.168.11.248","TCP","860","-> S (15250)"
"103760","17730.755128246772","192.168.11.248","192.168.11.111","IEC 60870-5-104","178","-> S (15250)"
"103761","17730.778006433353","192.168.11.111","192.168.11.248","TCP","388","-> S (15250)"
"103762","17731.017486557274","192.168.11.248","192.168.11.111","IEC 60870-5-104","686","-> S (15250)"
"103763","17731.107235923497","192.168.11.111","192.168.11.248","TCP","356","-> S (15250)"
"103764","17731.302083117615","192.168.11.248","192.168.11.111","IEC 60870-5-104","435","-> S (15250)"
"103765","17731.487878646003","192.168.11.111","192.168.11.248","TCP","352","-> S (15250)"
"103766","17731.75670020611","192.168.11.248","192.168.11.111","IEC 60870-5-104","366","-> S (15250)"
"103767","17732.04642612873","192.168.11.111","192.168.11.248","TCP","890","-> S (15250)"
"103768","17732.109377366283","192.168.11.248","192.168.11.111","IEC 60870-5-104","561","-> S (15250)"
"103769","17732.50248386163","192.168.11.111","192.168.11.248","TCP","796","-> S (15250)"
"103770","17732.76899526339","192.168.11.248","192.168.11.111","IEC 60870-5-104","754","-> S (15250)"
"103771","17732.893684174935","192.168.11.111","192.168.11.248","TCP","635","-> S (15250)"
"103772","17733.17085454479","192.168.11.248","192.168.11.111","IEC 60870-5-104","840","-> S (15250)"
"103773","17733.19199765281","192.168.11.111","192.168.11.248","TCP","379","-> S (15250)"
"103774","17733.31543080113","192.168.11.248","192.168.11.111","IEC 60870-5-104","838","-> S (15250)"
"103775","17733.47692359086","192.168.11.111","192.168.11.248","TCP","484","-> S (15250)"
"103776","17733.635373958823","192.168.11.248","192.168.11.111","IEC 60870-5-104","201","-> S (15250)"
"103777","17733.748321266306","192.168.11.111","192.168.11.248","TCP","630","-> S (15250)"
"103778","17733.855192158266","192.168.11.248","192.168.11.111","IEC 60870-5-104","462","-> S (15250)"
"103779","17733.99164604436","192.168.11.111","192.168.11.248","TCP","749","-> S (15250)"
"103780","17734.157741431","192.168.11.248","192.168.11.111","IEC 60870-5-104","334","-> S (15250)"
"103781","17734.259443650157","192.168.11.111","192.168.11.248","TCP","627","-> S (15250)"
"103782","17734.280300036793","192.168.11.248","192.168.11.111","IEC 60870-5-104","715","-> S (15250)"
"103783","17734.473705005785","192.168.11.111","192.168.11.248","TCP","251","-> S (15250)"
"103784","17734.593393146897","192.168.11.248","192.168.11.111","IEC 60870-5-104","439","-> S (15250)"
"103785","17734.723788531333","192.168.11.111","192.168.11.248","TCP","378","-> S (15250)"
"103786","17734.877704868562","192.168.11.248","192.168.11.111","IEC 60870-5-104","381","-> S (15250)"
"103787","17735.082869630627","192.168.11.111","192.168.11.248","TCP","748","-> S (15250)"
"103788","17735.124768559475","192.168.11.248","192.168.11.111","IEC 60870-5-104","676","-> S (15250)"
"103789","17735.361279059252","192.168.11.111","192.168.11.248","TCP","422","-> S (15250)"
"103790","17735.563518193358","192.168.11.248","192.168.11.111","IEC 60870-5-104","445","-> S (15250)"
"103791","17735.960332915496","192.168.11.111","192.168.11.248","TCP","812","-> S (15250)"
"103792","17735.976195775867","192.168.11.248","192.168.11.111","IEC 60870-5-104","403","-> S (15250)"
"103793","17736.023424878986","192.168.11.111","192.168.11.248","TCP","377","-> S (15250)"
"103794","17736.268672587667","192.168.11.248","192.168.11.111","IEC 60870-5-104","859","-> S (15250)"
"103795","17736.38818559778","192.168.11.111","192.168.11.248","TCP","402","-> S (15250)"
"103796","17736.554814335785","192.168.11.248","192.168.11.111","IEC 60870-5-104","449","-> S (15250)"
"103797","17736.87181908048","192.168.11.111","192.168.11.248","TCP","250","-> S (15250)"
"103798","17737.107396890733","192.168.11.248","192.168.11.111","IEC 60870-5-104","645","-> S (15250)"
"103799","17737.295458259145","192.168.11.111","192.168.11.248","TCP","636","-> S (15250)"
"103800","17737.66634184967","192.168.11.248","192.168.11.111","IEC 60870-5-104","173","-> S (15250)"
"103801","17737.85069369399","192.168.11.111","192.168.11.248","TCP","638","-> S (15250)"
"103802","17737.86420524435","192.168.11.248","192.168.11.111","IEC 60870-5-104","780","-> S (15250)"
"103803","17738.139756188288","192.168.11.111","192.168.11.248","TCP","433","-> S (15250)"
"103804","17738.302591682455","192.168.11.248","192.168.11.111","IEC 60870-5-104","740","-> S (15250)"
"103805","17738.336037821966","192.168.11.111","192.168.11.248","TCP","573","-> S (15250)"
"103806","17738.568249852975","192.168.11.248","192.168.11.111","IEC 60870-5-104","107","-> S (15250)"
"103807","17738.617597039876","192.168.11.111","192.168.11.248","TCP","649","-> S (15250)"
"103808","17738.675463382722","192.168.11.248","192.168.11.111","IEC 60870-5-104","577","-> S (15250)"
"103809","17738.711977881427","192.168.11.111","192.168.11.248","TCP","459","-> S (15250)"
"103810","17738.855005095298","192.168.11.248","192.168.11.111","IEC 60870-5-104","171","-> S (15250)"
"103811","17738.96296120087","192.168.11.111","192.168.11.248","TCP","423","-> S (15250)"
"103812","17739.111148483822","192.168.11.248","192.168.11.111","IEC 60870-5-104","438","-> S (15250)"
"103813","17739.279785778243","192.168.11.111","192.168.11.248","TCP","348","-> S (15250)"
"103814","17739.29158614788","192.168.11.248","192.168.11.111","IEC 60870-5-104","509","-> S (15250)"
"103815","17739.43673574212","192.168.11.111","192.168.11.248","TCP","322","-> S (15250)"
"103816","17739.483166870443","192.168.11.248","192.168.11.111","IEC 60870-5-104","542","-> S (15250)"
"103817","17739.935026702966","192.168.11.111","192.168.11.248","TCP","494","-> S (15250)"
"103818","17740.01581842625","192.168.11.248","192.168.11.111","IEC 60870-5-104","87","-> S (15250)"
"103819","17740.19489063698","192.168.11.111","192.168.11.248","TCP","405","-> S (15250)"
"103820","17740.298373739904","192.168.11.248","192.168.11.111","IEC 60870-5-104","470","-> S (15250)"
"103821","17740.73750263842","192.168.11.111","192.168.11.248","TCP","306","-> S (15250)"
"103822","17740.77528428883","192.168.11.248","192.168.11.111","IEC 60870-5-104","689","-> S (15250)"
"103823","17741.087814407438","192.168.11.111","192.168.11.248","TCP","549","-> S (15250)"
"103824","17741.28139178315","192.168.11.248","192.168.11.111","IEC 60870-5-104","80","-> S (15250)"
"103825","17741.345156839478","192.168.11.111","192.168.11.248","TCP","344","-> S (15250)"
"103826","17741.43674372381","192.168.11.248","192.168.11.111","IEC 60870-5-104","191","-> S (15250)"
"103827","17741.55349616402","192.168.11.111","192.168.11.248","TCP","393","-> S (15250)"
"103828","17741.616412396917","192.168.11.248","192.168.11.111","IEC 60870-5-104","237","-> S (15250)"
"103829","17741.895958019864","192.168.11.111","192.168.11.248","TCP","276","-> S (15250)"
"103830","17742.25920140661","192.168.11.248","192.168.11.111","IEC 60870-5-104","83","-> S (15250)"
"103831","17742.578982590585","192.168.11.111","192.168.11.248","TCP","347","-> S (15250)"
"103832","17742.597566558004","192.168.11.248","192.168.11.111","IEC 60870-5-104","343","-> S (15250)"
"103833","17742.67306541524","192.168.11.111","192.168.11.248","TCP","319","-> S (15250)"
"103834","17742.744841407733","192.168.11.248","192.168.11.111","IEC 60870-5-104","735","-> S (15250)"
"103835","17743.173842230666","192.168.11.111","192.168.11.248","TCP","512","-> S (15250)"
"103836","17743.33890717765","192.168.11.248","192.168.11.111","IEC 60870-5-104","297","-> S (15250)"
"103837","17743.37447327914","192.168.11.111","192.168.11.248","TCP","352","-> S (15250)"
"103838","17743.60189390202","192.168.11.248","192.168.11.111","IEC 60870-5-104","534","-> S (15250)"
"103839","17743.613880951518","192.168.11.111","192.168.11.248","TCP","569","-> S (15250)"
"103840","17743.99250359394","192.168.11.248","192.168.11.111","IEC 60870-5-104","579","-> S (15250)"
"103841","17744.04411112386","192.168.11.111","192.168.11.248","TCP","253","-> S (15250)"
"103842","17744.388983687626","192.168.11.248","192.168.11.111","IEC 60870-5-104","113","-> S (15250)"
"103843","17744.415171232635","192.168.11.111","192.168.11.248","TCP","643","-> S (15250)"
"103844","17744.577826624438","192.168.11.248","192.168.11.111","IEC 60870-5-104","233","-> S (15250)"
"103845","17744.60627758446","192.168.11.111","192.168.11.248","TCP","523","-> S (15250)"
"103846","17744.678792566232","192.168.11.248","192.168.11.111","IEC 60870-5-104","200","-> S (15250)"
"103847","17744.898299748143","192.168.11.111","192.168.11.248","TCP","460","-> S (15250)"
"103848","17745.115778692612","192.168.11.248","192.168.11.111","IEC 60870-5-104","439","-> S (15250)"
"103849","17745.25393467726","192.168.11.111","192.168.11.248","TCP","466","-> S (15250)"
"103850","17745.43120414906","192.168.11.248","192.168.11.111","IEC 60870-5-104","314","-> S (15250)"
"103851","17745.43748862812","192.168.11.111","192.168.11.248","TCP","475","-> S (15250)"
"103852","17745.594820629485","192.168.11.248","192.168.11.111","IEC 60870-5-104","564","-> S (15250)"
"103853","17745.606548025044","192.168.11.111","192.168.11.248","TCP","249","-> S (15250)"
"103854","17745.783990346023","192.168.11.248","192.168.11.111","IEC 60870-5-104","436","-> S (15250)"
"103855","17746.095035380706","192.168.11.111","192.168.11.248","TCP","524","-> S (15250)"
"103856","17746.486875477236","192.168.11.248","192.168.11.111","IEC 60870-5-104","827","-> S (15250)"
"103857","17746.61460779866","192.168.11.111","192.168.11.248","TCP","269","-> S (15250)"
"103858","17746.830836683475","192.168.11.248","192.168.11.111","IEC 60870-5-104","316","-> S (15250)"
"103859","17746.94133949779","192.168.11.111","192.168.11.248","TCP","468","-> S (15250)"
"103860","17747.10931619291","192.168.11.248","192.168.11.111","IEC 60870-5-104","595","-> S (15250)"
"103861","17747.31454587402","192.168.11.111","192.168.11.248","TCP","403","-> S (15250)"
"103862","17747.40461778435","192.168.11.248","192.168.11.111","IEC 60870-5-104","618","-> S (15250)"
"103863","17747.531971424465","192.168.11.111","192.168.11.248","TCP","504","-> S (15250)"
"103864","17747.616890411187","192.168.11.248","192.168.11.111","IEC 60870-5-104","280","-> S (15250)"
"103865","17747.69632131608","192.168.11.111","192.168.11.248","TCP","439","-> S (15250)"
"103866","17747.812889585286","192.168.11.248","192.168.11.111","IEC 60870-5-104","548","-> S (15250)"
"103867","17748.063703947035","192.168.11.111","192.168.11.248","TCP","545","-> S (15250)"
"103868","17748.228159005237","192.168.11.248","192.168.11.111","IEC 60870-5-104","627","-> S (15250)"
"103869","17748.615633448095","192.168.11.111","192.168.11.248","TCP","320","-> S (15250)"
"103870","17748.789942880536","192.168.11.248","192.168.11.111","IEC 60870-5-104","140","-> S (15250)"
"103871","17749.23267021196","192.168.11.111","192.168.11.248","TCP","451","-> S (15250)"
"103872","17749.563429596536","192.168.11.248","192.168.11.111","IEC 60870-5-104","451","-> S (15250)"
"103873","17749.588490810096","192.168.11.111","192.168.11.248","TCP","338","-> S (15250)"
"103874","17749.617867217297","192.168.11.248","192.168.11.111","IEC 60870-5-104","462","-> S (15250)"
"103875","17750.067661179906","192.168.11.111","192.168.11.248","TCP","555","-> S (15250)"
"103876","17750.078931798955","192.168.11.248","192.168.11.111","IEC 60870-5-104","186","-> S (15250)"
"103877","17750.371251559664","192.168.11.111","192.168.11.248","TCP","540","-> S (15250)"
"103878","17750.54841304195","192.168.11.248","192.168.11.111","IEC 60870-5-104","204","-> S (15250)"
"103879","17750.61854526297","192.168.11.111","192.168.11.248","TCP","272","-> S (15250)"
"103880","17750.655877332403","192.168.11.248","192.168.11.111","IEC 60870-5-104","292","-> S (15250)"
"103881","17750.759866654233","192.168.11.111","192.168.11.248","TCP","346","-> S (15250)"
"103882","17750.91868740669","192.168.11.248","192.168.11.111","IEC 60870-5-104","645","-> S (15250)"
"103883","17751.03119228523","192.168.11.111","192.168.11.248","TCP","503","-> S (15250)"
"103884","17751.06530242892","192.168.11.248","192.168.11.111","IEC 60870-5-104","805","-> S (15250)"
"103885","17751.078122701394","192.168.11.111","192.168.11.248","TCP","320","-> S (15250)"
"103886","17751.277546835885","192.168.11.248","192.168.11.111","IEC 60870-5-104","100","-> S (15250)"
"103887","17751.370947365023","192.168.11.111","192.168.11.248","TCP","554","-> S (15250)"
"103888","17751.381908970776","192.168.11.248","192.168.11.111","IEC 60870-5-104","153","-> S (15250)"
"103889","17751.537342812964","192.168.11.111","192.168.11.248","TCP","257","-> S (15250)"
"103890","17751.69309829649","192.168.11.248","192.168.11.111","IEC 60870-5-104","695","-> S (15250)"
"103891","17751.872044748852","192.168.11.111","192.168.11.248","TCP","543","-> S (15250)"
"103892","17752.277326518506","192.168.11.248","192.168.11.111","IEC 60870-5-104","137","-> S (15250)"
"103893","17752.408729784238","192.168.11.111","192.168.11.248","TCP","670","-> S (15250)"
"103894","17752.40926940749","192.168.11.248","192.168.11.111","IEC 60870-5-104","680","-> S (15250)"
"103895","17752.470103380583","192.168.11.111","192.168.11.248","TCP","628","-> S (15250)"
"103896","17752.51709599331","192.168.11.248","192.168.11.111","IEC 60870-5-104","398","-> S (15250)"
"103897","17752.53587850694","192.168.11.111","192.168.11.248","TCP","788","-> S (15250)"
"103898","17752.55111865817","192.168.11.248","192.168.11.111","IEC 60870-5-104","769","-> S (15250)"
"103899","17752.957243780947","192.168.11.111","192.168.11.248","TCP","375","-> S (15250)"
"103900","17753.108958029003","192.168.11.248","192.168.11.111","IEC 60870-5-104","210","-> S (15250)"
"103901","17753.40230064893","192.168.11.111","192.168.11.248","TCP","626","-> S (15250)"
"103902","17753.71743356186","192.168.11.248","192.168.11.111","IEC 60870-5-104","633","-> S (15250)"
"103903","17754.000730936223","192.168.11.111","192.168.11.248","TCP","768","-> S (15250)"
"103904","17754.038887340488","192.168.11.248","192.168.11.111","IEC 60870-5-104","270","-> S (15250)"
"103905","17754.205164908668","192.168.11.111","192.168.11.248","TCP","422","-> S (15250)"
"103906","17754.208680389816","192.168.11.248","192.168.11.111","IEC 60870-5-104","341","-> S (15250)"
"103907","17754.300321979772","192.168.11.111","192.168.11.248","TCP","453","-> S (15250)"
"103908","17754.501664658324","192.168.11.248","192.168.11.111","IEC 60870-5-104","269","-> S (15250)"
"103909","17754.695638021854","192.168.11.111","192.168.11.248","TCP","562","-> S (15250)"
"103910","17754.699992716567","192.168.11.248","192.168.11.111","IEC 60870-5-104","619","-> S (15250)"
"103911","17754.75129974038","192.168.11.111","192.168.11.248","TCP","339","-> S (15250)"
"103912","17754.846480554235","192.168.11.248","192.168.11.111","IEC 60870-5-104","335","-> S (15250)"
"103913","17754.918865033833","192.168.11.111","192.168.11.248","TCP","382","-> S (15250)"
"103914","17754.923309362453","192.168.11.248","192.168.11.111","IEC 60870-5-104","415","-> S (15250)"
"103915","17755.228305490335","192.168.11.111","192.168.11.248","TCP","595","-> S (15250)"
"103916","17755.432084441905","192.168.11.248","192.168.11.111","IEC 60870-5-104","294","-> S (15250)"
"103917","17755.622295906258","192.168.11.111","192.168.11.248","TCP","444","-> S (15250)"
"103918","17755.907622986975","192.168.11.248","192.168.11.111","IEC 60870-5-104","145","-> S (15250)"
"103919","17756.11598575618","192.168.11.111","192.168.11.248","TCP","462","-> S (15250)"
"103920","17756.5337457705","192.168.11.248","192.168.11.111","IEC 60870-5-104","261","-> S (15250)"
"103921","17756.74786987127","192.168.11.111","192.168.11.248","TCP","412","-> S (15250)"
"103922","17756.961432283257","192.168.11.248","192.168.11.111","IEC 60870-5-104","660","-> S (15250)"
"103923","17757.066157306035","192.168.11.111","192.168.11.248","TCP","655","-> S (15250)"
"103924","17757.20898385665","192.168.11.248","192.168.11.111","IEC 60870-5-104","259","-> S (15250)"
"103925","17757.476707992406","192.168.11.111","192.168.11.248","TCP","505","-> S (15250)"
"103926","17757.794717394336","192.168.11.248","192.168.11.111","IEC 60870-5-104","214","-> S (15250)"
"103927","17758.090797602203","192.168.11.111","192.168.11.248","TCP","301","-> S (15250)"
"103928","17758.358147642237","192.168.11.248","192.168.11.111","IEC 60870-5-104","624","-> S (15250)"
"103929","17758.504971527924","192.168.11.111","192.168.11.248","TCP","477","-> S (15250)"
"103930","17758.859918346283","192.168.11.248","192.168.11.111","IEC 60870-5-104","581","-> S (15250)"
"103931","17759.10209919893","192.168.11.111","192.168.11.248","TCP","516","-> S (15250)"
"103932","17759.167775738333","192.168.11.248","192.168.11.111","IEC 60870-5-104","183","-> S (15250)"
"103933","17759.16912242693","192.168.11.111","192.168.11.248","TCP","773","-> S (15250)"
"103934","17759.348244845765","192.168.11.248","192.168.11.111","IEC 60870-5-104","301","-> S (15250)"
"103935","17759.370784170405","192.168.11.111","192.168.11.248","TCP","487","-> S (15250)"
"103936","17759.498405419727","192.168.11.248","192.168.11.111","IEC 60870-5-104","908","-> S (15250)"
"103937","17759.57925113891","192.168.11.111","192.168.11.248","TCP","347","-> S (15250)"
"103938","17759.951641749343","192.168.11.248","192.168.11.111","IEC 60870-5-104","493","-> S (15250)"
"103939","17760.29171731754","192.168.11.111","192.168.11.248","TCP","436","-> S (15250)"
"103940","17760.510353909543","192.168.11.248","192.168.11.111","IEC 60870-5-104","456","-> S (15250)"
"103941","17760.538063407614","192.168.11.111","192.168.11.248","TCP","317","-> S (15250)"
"103942","17760.70724358363","192.168.11.248","192.168.11.111","IEC 60870-5-104","377","-> S (15250)"
"103943","17760.820016893016","192.168.11.111","192.168.11.248","TCP","354","-> S (15250)"
"103944","17760.94037638293","192.168.11.248","192.168.11.111","IEC 60870-5-104","353","-> S (15250)"
"103945","17761.223809465777","192.168.11.111","192.168.11.248","TCP","566","-> S (15250)"
"103946","17761.271478666866","192.168.11.248","192.168.11.111","IEC 60870-5-104","937","-> S (15250)"
"103947","17761.355181447263","192.168.11.111","192.168.11.248","TCP","290","-> S (15250)"
"103948","17761.492834257126","192.168.11.248","192.168.11.111","IEC 60870-5-104","833","-> S (15250)"
"103949","17761.567034401316","192.168.11.111","192.168.11.248","TCP","599","-> S (15250)"
"103950","17761.787333531847","192.168.11.248","192.168.11.111","IEC 60870-5-104","184","-> S (15250)"
"103951","17761.793334036833","192.168.11.111","192.168.11.248","TCP","306","-> S (15250)"
"103952","17761.89795331285","192.168.11.248","192.168.11.111","IEC 60870-5-104","195","-> S (15250)"
"103953","17761.929201630366","192.168.11.111","192.168.11.248","TCP","320","-> S (15250)"
"103954","17762.052748763363","192.168.11.248","192.168.11.111","IEC 60870-5-104","658","-> S (15250)"
"103955","17762.059643119843","192.168.11.111","192.168.11.248","TCP","558","-> S (15250)"
"103956","17762.06801576084","192.168.11.248","192.168.11.111","IEC 60870-5-104","522","-> S (15250)"
"103957","17762.118821353473","192.168.11.111","192.168.11.248","TCP","415","-> S (15250)"
"103958","17762.280925227416","192.168.11.248","192.168.11.111","IEC 60870-5-104","576","-> S (15250)"
"103959","17762.32578748278","192.168.11.111","192.168.11.248","TCP","818","-> S (15250)"
"103960","17762.419379348274","192.168.11.248","192.168.11.111","IEC 60870-5-104","222","-> S (15250)"
"103961","17762.450900019263","192.168.11.111","192.168.11.248","TCP","254","-> S (15250)"
"103962","17762.651523429122","192.168.11.248","192.168.11.111","IEC 60870-5-104","99","-> S (15250)"
"103963","17762.73122085679","192.168.11.111","192.168.11.248","TCP","739","-> S (15250)"
"103964","17762.91676373589","192.168.11.248","192.168.11.111","IEC 60870-5-104","647","-> S (15250)"
"103965","17762.93391238188","192.168.11.111","192.168.11.248","TCP","362","-> S (15250)"
"103966","17763.16803301186","192.168.11.248","192.168.11.111","IEC 60870-5-104","164","-> S (15250)"
"103967","17763.39967065494","192.168.11.111","192.168.11.248","TCP","817","-> S (15250)"
"103968","17763.874788433583","192.168.11.248","192.168.11.111","IEC 60870-5-104","312","-> S (15250)"
"103969","17764.098474969043","192.168.11.111","192.168.11.248","TCP","401","-> S (15250)"
